Orgnummer; Name; Phone; Form; Bundet; BindningsTid
"FASTIGHET & STÄLLNING I VÄST, AB";"5567634497";" 0733336698";"Jobbmobil Multi 120 GB MFA";"Ja";"20220124"
"FASTIGHET & STÄLLNING I VÄST, AB";"5567634497";" 0739600780";"Jobbmobil Multi 60 GB MFA";"Nej";" "
"FASTIGHET & STÄLLNING I VÄST, AB";"5567634497";" 0733337847";"Jobbmobil Multi 60 GB MFA";"Nej";" "
"FASTIGHET & STÄLLNING I VÄST, AB";"5567634497";" 0733336602";"Jobbmobil Multi 120 GB MFA";"Nej";" "
"GLEWI BYGG&FASTIGHETS, AB";"5563312957";" 0705177970";"Jobbmobil Multi 10 GB MFA";"Ja";"20211121"
"BERGSTADEN, AB";"5562624477";" 0702128063";"Telia Jobbmobil Multi 10 GB";"Nej";" "
"BERGSTADEN, AB";"5562624477";" 0705688412";"Jobbmobil Basic";"Nej";" "
"BYSKE KARAMELLFABRIK, AB";"5566924766";" 0738129750";"Jobbmobil Multi 60 GB MFA";"Nej";" "
"FORSBERGS TRAKTOR, AB";"5563117646";" 0703425644";"Jobbmobil Multi 10 GB MFAOsub";"Ja";"20220527"
"FORSBERGS TRAKTOR, AB";"5563117646";" 0707491585";"Jobbmobil Multi 30 GB MFA";"Ja";"20210124"
"GUS BYGG & ENTREPRENAD, AB";"5564913266";" 0705173585";"Jobbmobil Bas";"Nej";" "
"GUS BYGG & ENTREPRENAD, AB";"5564913266";" 0705173585";"Jobbmobil Bas";"Nej";" "
"KONTRAST STOCKHOLM BEAUTY, MAKEUP & STYL";"5566832860";" 0705406300";"Jobbmobil Multi 120 GB MFA";"Ja";"20210506"
"LM SJÖLUND, AB";"5567758940";" 0722404030";"Jobbmobil Obegränsad";"Ja";"20220415"
"MIA BLOMGREN, AB";"5590373329";" 0738062095";"Jobbmobil 1 GB";"Ja";"20220903"
"MIA BLOMGREN, AB";"5590373329";" 0738062151";"Jobbmobil 1 GB";"Ja";"20220903"
"NORDCIRKEL DESIGN, AB";"5591834246";" 0705581521";"Jobbmobil 25 GB";"Ja";"20210716"
"SHORTEST PATH, AB";"5567799936";" 0703422675";"Jobbmobil Mix TFA 120924";"Nej";" "
"STUDERA MERA STOCKHOLM, AB";"5591488217";" 0705313633";"Jobbmobil Obegränsad";"Ja";"20220121"
"VISEM, AB";"5568290976";" 0702496960";"Jobbmobil Multi 60 GB MFA";"Ja";"20201216"
"VISEM, AB";"5568290976";" 0709152090";"Jobbmobil Multi 10 GB MFA";"Ja";"20220118"
"AIL DESIGN, AB";"5568690118";" 0767727901";"Jobbmobil Multi 1 GB TFA";"Nej";" "
"ANDERS GRANBERG I LULEÅ, AB";"5565137113";" 0705302040";"Jobbmobil Multi 30 GB MFA";"Ja";"20210112"
"BEPP MANAGEMENT, AB";"5568812977";" 0725598698";"Jobbmobil Multi 10 GB MFAOsub";"Ja";"20210311"
"BEPP MANAGEMENT, AB";"5568812977";" 0702514636";"Jobbmobil Multi 30 GB MFA Osub";"Ja";"20210304"
"BYKRAGH, AB";"5569674244";" 0709982035";"Telia Jobbmobil Multi 30 GB";"Ja";"20220515"
"C-G. KINDLUND EKONOMKONSULT, AB";"5561264952";" 0706273097";"Jobbmobil Multi 20 GB TFA";"Ja";"20210902"
"DIALOGUE SUSANNE, AB";"5590415559";" 0730963602";"Jobbmobil Obegränsad";"Ja";"20220811"
"DIANE ALARCON KIM ANDREASSON ADVISORY AB";"5568420649";" 0725024899";"Telia Kontantkort";"Nej";" "
"DIANE ALARCON KIM ANDREASSON ADVISORY AB";"5568420649";" 0725024993";"Telia Kontantkort";"Nej";" "
"ER KONSULT I TORSBY, AB";"5591103659";" 0738128220";"Telia Jobbmobil Multi 10 GB";"Ja";"20211015"
"ENÅSEN ELEKTRISKA, AB";"5591287346";" 0722153715";"Telia Jobbmobil Multi 120 GB";"Ja";"20211115"
"FA WELLNESS & CONSULTING, AB";"5568444797";" 0707338202";"Jobbmobil Multi 30 GB MFA Osub";"Ja";"20210814"
"FALU FOREST, AB";"5568892334";" 0705979323";"Telia Jobbmobil Multi 60 GB";"Ja";"20220207"
"FAMILJEJURISTEN STINA FRIDLUND, AB";"5590382106";" 0727289078";"Jobbmobil 5 GB";"Ja";"20210822"
"JOHANSEN PRODUCTIONS, AB";"5565260535";" 0735224195";"Telia Jobbmobil Multi 30 GB";"Ja";"20210403"
"KONSULTHJÄRTAT, AB";"5569209264";" 0733766515";"Jobbmobil Multi 30 GB MFA Osub";"Ja";"20211008"
"MATTIAS GULLBERG KONSULT, AB";"5568990849";" 0709964908";"Jobbmobil 40 GB MFA";"Ja";"20230422"
"R Q PARTNER, AB";"5566473343";" 0705767417";"Jobbmobil Multi 30 GB MFA";"Nej";" "
"R Q PARTNER, AB";"5566473343";" 0735345002";"Jobbmobil Multi 2 GB MFA";"Nej";" "
"R Q PARTNER, AB";"5566473343";" 0705089290";"Jobbmobil Multi 2 GB MFA";"Nej";" "
"Rolf Wicksells Maskiner, AB";"5563999118";" 0705871613";"Jobbmobil Multi 10 GB";"Ja";"20220724"
"Rolf Wicksells Maskiner, AB";"5563999118";" 0706227676";"Jobbmobil Multi 10 GB";"Ja";"20210830"
"Rolf Wicksells Maskiner, AB";"5563999118";" 0705871613";"Jobbmobil Multi 10 GB";"Ja";"20220724"
"STABBEN MASKIN, AB";"5569622946";" 0730412510";"Jobbmobil 40 GB MFA";"Ja";"20231107"
"STABBEN MASKIN, AB";"5569622946";" 0702890422";"Jobbmobil 3 GB Osub MFA";"Ja";"20210425"
"TEORI O PRAKTIK FFFF, AB";"5565236576";" 0707462290";"Jobbmobil Multi 30 GB MFA Osub";"Ja";"20221109"
"UTBILDA NORRBOM, AB";"5591108815";" 0706603302";"Jobbmobil Bas MFA";"Ja";"20210626"
"UTBILDA NORRBOM, AB";"5591108815";" 0706603389";"Jobbmobil Bas MFA";"Ja";"20210926"
"VAGNHÄRADS MASKINGRÄVNING,AB";"5564248267";" 0703788751";"Jobbmobil Multi 60 GB MFA";"Ja";"20210930"
"WENZO, AB";"5567917926";" 0733304270";"Jobbmobil Obegränsad MFA";"Nej";" "
"DEWETTE KONSULT, AB";"5590928882";" 0705738508";"Jobbmobil Multi 30 GB Osub";"Ja";"20220528"
"P.S.LINDSTRÖM KONSULT, AB";"5566947858";" 0705504870";"Jobbmobil Multi 30 GB MFA Osub";"Ja";"20210903"
"P.S.LINDSTRÖM KONSULT, AB";"5566947858";" 0705676775";"Jobbmobil Multi 10 GB MFA";"Ja";"20201213"
"P.S.LINDSTRÖM KONSULT, AB";"5566947858";" 0705504870";"Jobbmobil Multi 30 GB MFA Osub";"Ja";"20210903"
"P.S.LINDSTRÖM KONSULT, AB";"5566947858";" 0705676775";"Jobbmobil Multi 10 GB MFA";"Ja";"20201213"
"BRÄNNBYN ENTREPRENAD, AB";"5567208276";" 0738062179";"Jobbmobil Multi 60 GB MFA";"Ja";"20201218"
"GULLÖ MÅLERI, AB";"5591409239";" 0705128964";"Telia Jobbmobil Multi 30 GB";"Ja";"20210921"
"GÖRAN STIENGS SKOGSTJÄNST, AB";"5568790066";" 0702471468";"Telia Jobbmobil Multi 30 GB";"Ja";"20201221"
"HELENA HAUTALA REDOVISNING, AB";"5567180566";" 0706796655";"Jobbmobil Multi 30 GB MFA";"Ja";"20220914"
"IRNM TAXI SVERIGE, AB";"5591266209";" 0727254414";"Jobbmobil 40 GB";"Ja";"20220907"
"JABELLI, AB";"5565515227";" 0703280065";"Jobbmobil Multi 30 GB MFA";"Ja";"20220713"
"JABELLI, AB";"5565515227";" 0730928735";"Jobbmobil Multi 30 GB MFA";"Ja";"20220713"
"JABELLI, AB";"5565515227";" 0703280065";"Jobbmobil Multi 30 GB MFA";"Ja";"20220713"
"JIMMY'S INDUSTRI- OCH MASKINTEKNIK, AB";"5591755581";" 0738449624";"Jobbmobil Obegränsad Osub";"Ja";"20211230"
"JOHAN ÖHNELL, AB";"5569050726";" 0708515850";"Jobbmobil Obegränsad";"Ja";"20211023"
"KANTARELLVÄGEN VÄRDERINGAR, AB";"5568671597";" 0702247353";"Jobbmobil Multi 30 GB MFA Osub";"Ja";"20220608"
"KANTARELLVÄGEN VÄRDERINGAR, AB";"5568671597";" 0702707889";"Jobbmobil Multi 10 GB MFAOsub";"Ja";"20220608"
"KANTARELLVÄGEN VÄRDERINGAR, AB";"5568671597";" 0702247353";"Jobbmobil Multi 30 GB MFA Osub";"Ja";"20220608"
"KARLSLUND MÅLERI, AB";"5568764657";" 0706393432";"Jobbmobil Obegränsad";"Ja";"20211031"
"KARLSLUND MÅLERI, AB";"5568764657";" 0706393432";"Jobbmobil Obegränsad";"Ja";"20211031"
"MEDIEHUSET/SVERIGE, AB";"5565094066";" 0708334032";"Jobbmobil Multi 30 GB MFA Osub";"Ja";"20220214"
"MEDIEHUSET/SVERIGE, AB";"5565094066";" 0761296700";"Jobbmobil Multi 30 GB MFA Osub";"Nej";" "
"NA WALLIN BYGG I LINDESBERG, AB";"5591367023";" 0727313286";"Jobbmobil Multi 120 GB MFA";"Ja";"20210117"
"R HÖGLUND ENTREPRENAD, AB";"5566425699";" 0706877595";"Jobbmobil Multi 30 GB MFA";"Ja";"20210125"
"R HÖGLUND ENTREPRENAD, AB";"5566425699";" 0706877595";"Jobbmobil Multi 30 GB MFA";"Ja";"20210125"
"SVK INDUSTRISERVICE, AB";"5590712799";" 0703451407";"Telia Jobbmobil Multi 10 GB";"Ja";"20220531"
"TINGNERT KIROPRAKTIK, AB";"5590385406";" 0739139283";"Jobbmobil Multi 10 GB MFA";"Ja";"20210424"
"TINGNERT KIROPRAKTIK, AB";"5590385406";" 0702210392";"Jobbmobil Multi 10 GB MFA";"Ja";"20220203"
"BUDAB, AB";"5563432037";" 0702271244";"Telia Mobil Maxat 2 GB";"Nej";" "
"ESPERYD INVEST, AB";"5569616641";" 0705455245";"Jobbmobil Multi 10 GB MFA";"Ja";"20210821"
"ESPERYD INVEST, AB";"5569616641";" 0738137821";"Jobbmobil Multi 10 GB MFA";"Ja";"20201219"
"GRAFMANS GODA, AB";"5569791832";" 0706976207";"Jobbmobil Multi 30 GB MFA Osub";"Ja";"20220204"
"GRAFMANS GODA, AB";"5569791832";" 0706976207";"Jobbmobil Multi 30 GB MFA Osub";"Ja";"20220204"
"HK KARLSVIK, AB";"5590573001";" 0763151395";"Jobbmobil Multi 30 GB Osub";"Ja";"20220109"
"HVITTFELDT INVEST, AB";"5568358294";" 0705742247";"Jobbmobil Multi 10 GB MFA";"Ja";"20210328"
"HVITTFELDT INVEST, AB";"5568358294";" 0722330203";"Extrakort Fast";"Nej";" "
"HVITTFELDT INVEST, AB";"5568358294";" 0722430813";"Jobbmobil Multi 120GB MFA Osub";"Ja";"20210925"
"JENNSTIG CONSULTING, AB";"5569860470";" 0762015757";"Jobbmobil Multi 5 GB";"Nej";" "
"Kylteknikern ME, AB";"5566443239";" 0706352505";"Telia Jobbmobil Multi 60 GB";"Nej";" "
"L.M.W. ELEKTRONIK, AB";"5562537653";" 0706292299";"Jobbmobil Bas MFA";"Nej";" "
"MEAL MAKERS SWEDEN, AB";"5591731277";" 0765451139";"Telia Jobbmobil Multi 10 GB";"Nej";" "
"N.M BUD, AB";"5591479158";" 0730717463";"Jobbmobil Obegränsad";"Ja";"20230716"
"NORRORTSKONSULT, AB";"5590173836";" 0703495547";"Jobbmobil Obegränsad";"Ja";"20221121"
"ROGER JANSSONS RÖR I SUNDSVALL, AB";"5563861995";" 0703346064";"Jobbmobil 40 GB MFA";"Ja";"20210223"
"SYCOMPANIET ANETTE SCHWARTZ, AB";"5568217045";" 0735305214";"Jobbmobil Multi 30 GB MFA";"Ja";"20210116"
"W-P CERTO BYGG, AB";"5590153309";" 0707659015";"Telia Jobbmobil Multi 120 GB";"Nej";" "
"W-P CERTO BYGG, AB";"5590153309";" 0707659015";"Telia Jobbmobil Multi 120 GB";"Nej";" "
"E-RIXON DATAKONSULT I SJÖMARKEN, AB";"5568780430";" 0706670208";"Jobbmobil Multi 10 GB Osub";"Ja";"20211011"
"ÅNÄSET IT SOLUTIONS, AB";"5569540601";" 0706688428";"Jobbmobil Bas";"Nej";" "
"ADVOKATFIRMAN BERTIL LUNDBERG, AB";"5563006377";" 0705262799";"Telia Jobbmobil Multi 10 GB";"Nej";" "
"ALBIN TRANSPORT I MALMÖ, AB";"5569176935";" 0733609509";"Jobbmobil 15 GB";"Ja";"20230903"
"BILAFFÄREN I NYKÖPING, AB";"5565325734";" 0708269219";"Telia Jobbmobil Multi 10 GB";"Ja";"20210520"
"BILDMAKARNA BERG, AB";"5567182620";" 0768107755";"Jobbmobil Multi 10 GB MFA";"Ja";"20220225"
"CHAINSAW FURY, AB";"5591751606";" 0705931883";"Jobbmobil Multi 10 GB MFA";"Ja";"20220710"
"CHAINSAW FURY, AB";"5591751606";" 0706892995";"Jobbmobil Obegränsad MFA";"Ja";"20220710"
"EMIQUE FINANCE, AB";"5591499438";" 0703715473";"Jobbmobil Multi 2 GB MFA";"Ja";"20210324"
"ESSTE MILJÖKONSULT, AB";"5590489836";" 0706628787";"Jobbmobil 15 GB MFA";"Ja";"20231030"
"GRÄF ORGANISATIONSUTVECKLING, AB";"5564002821";" 0706254420";"Jobbmobil Multi 10 GB MFA";"Ja";"20220621"
"GRÄF ORGANISATIONSUTVECKLING, AB";"5564002821";" 0706254420";"Jobbmobil Multi 10 GB MFA";"Ja";"20220621"
"KRAN- OCH GRÄVCENTRALEN, AB";"5561765784";" 0706330080";"Jobbmobil Multi 120GB MFA Osub";"Ja";"20210404"
"KURT DANIELS ELKONSULT, AB";"5590410675";" 0705897300";"Jobbmobil Multi 30 GB MFA";"Ja";"20210312"
"KURT DANIELS ELKONSULT, AB";"5590410675";" 0703772666";"Jobbmobil Multi 30 GB MFA";"Ja";"20210312"
"LK OTTOSSON, AB";"5561675892";" 0706459504";"Jobbmobil Multi 10 GB MFA";"Ja";"20220205"
"LK OTTOSSON, AB";"5561675892";" 0706451393";"Jobbmobil Multi 30 GB MFA";"Ja";"20211106"
"LK OTTOSSON, AB";"5561675892";" 0736939566";"Jobbmobil Multi 10 GB MFA";"Ja";"20220204"
"LOGO GRANDE, AB";"5567776835";" 0702662800";"Jobbmobil Multi 60 GB MFA";"Nej";" "
"LOGO GRANDE, AB";"5567776835";" 0727342525";"Jobbmobil Multi 10 GB MFA";"Nej";" "
"LOGO GRANDE, AB";"5567776835";" 0702662800";"Jobbmobil Multi 60 GB MFA";"Nej";" "
"LOGO GRANDE, AB";"5567776835";" 0727342525";"Jobbmobil Multi 10 GB MFA";"Nej";" "
"NYAB MÄLARDALEN, AB";"5592029168";" 0702169790";"Jobbmobil Multi 30 GB";"Ja";"20211126"
"NYAB MÄLARDALEN, AB";"5592029168";" 0703020290";"Jobbmobil Multi 10 GB";"Ja";"20211201"
"NYAB MÄLARDALEN, AB";"5592029168";" 0705791183";"Jobbmobil Multi 30 GB";"Ja";"20211218"
"NYAB MÄLARDALEN, AB";"5592029168";" 0705791182";"Jobbmobil Multi 30 GB";"Ja";"20211218"
"NYAB MÄLARDALEN, AB";"5592029168";" 0736256424";"Jobbmobil Multi 10 GB";"Nej";" "
"NYAB MÄLARDALEN, AB";"5592029168";" 0705791180";"Jobbmobil Multi 10 GB";"Nej";" "
"NYAB MÄLARDALEN, AB";"5592029168";" 0725015010";"Jobbmobil Multi 30 GB";"Ja";"20221105"
"NYAB MÄLARDALEN, AB";"5592029168";" 0705791171";"Jobbmobil Multi 10 GB";"Ja";"20220608"
"NYAB MÄLARDALEN, AB";"5592029168";" 0705791194";"Jobbmobil Multi 10 GB";"Ja";"20220408"
"NYAB MÄLARDALEN, AB";"5592029168";" 0705791185";"Jobbmobil Multi 30 GB";"Nej";" "
"OLLE MELKERHED PRODUCTION, AB";"5568830904";" 0703488200";"Telia Jobbmobil Multi 10 GB";"Nej";" "
"ROBIN JOHANSSONS TRANSPORT, AB";"5591652242";" 0768266063";"Telia Jobbmobil Multi 30 GB";"Ja";"20210703"
"SERANDER FASTIGHETSFÖRMEDLING, AB";"5567019996";" 0705505333";"Jobbmobil Multi 60 GB MFA";"Ja";"20221108"
"SERANDER FASTIGHETSFÖRMEDLING, AB";"5567019996";" 0705506696";"Jobbmobil Multi 10 GB MFA";"Ja";"20210603"
"SERANDER FASTIGHETSFÖRMEDLING, AB";"5567019996";" 0709740199";"Jobbmobil Multi 10 GB MFA";"Nej";" "
"SOL BO, AB";"5590344379";" 0737058866";"Jobbmobil Obegränsad";"Ja";"20220303"
"VESTERSKOGEN, AB";"5590627252";" 0730240085";"Jobbmobil Multi 30 GB Osub";"Ja";"20220622"
"AG BYGGTJÄNST I BORLÄNGE, AB";"5567261838";" 0702024952";"Jobbmobil Obegränsad";"Ja";"20211015"
"DATERRA, AB";"5563627495";" 0705720853";"Jobbmobil Multi 10 GB MFAOsub";"Ja";"20210211"
"B.H.E GOLVSERVICE, AB";"5568691454";" 0703940322";"Telia Jobbmobil Multi 30 GB";"Ja";"20210518"
"EKOTOPIA KOMMUNIKATION, AB";"5569858524";" 0701885019";"Telia Jobbmobil Multi 30 GB";"Ja";"20210307"
"GL SKOGSSERVICE, AB";"5569056939";" 0706652059";"Jobbmobil Multi 30 GB MFA";"Ja";"20210403"
"HAGMA TRADING, AB";"5564263654";" 0706256363";"Jobbmobil Multi 30 GB MFA Osub";"Ja";"20220310"
"HENSGÅRDS TAXI, AB";"5563727766";" 0703228680";"Jobbmobil Multi 20 GB TFA";"Nej";" "
"IDRO MED, AB";"5564230026";" 0706870775";"Jobbmobil Multi TFA";"Nej";" "
"IDRO MED, AB";"5564230026";" 0706017091";"Jobbmobil Bas TFA";"Nej";" "
"JA TILL PSYKISK HÄLSA SVERIGE, AB";"5592178924";" 0703097567";"Jobbmobil Multi 30 GB MFA";"Ja";"20210109"
"JA TILL PSYKISK HÄLSA SVERIGE, AB";"5592178924";" 0703271056";"Jobbmobil Multi 30 GB MFA";"Ja";"20210927"
"JPS TRADING, AB";"5565990503";" 0730505604";"Jobbmobil Multi 10 GB MFA";"Ja";"20220207"
"SVENSKA ESSTEX, AB";"5567960645";" 0708264677";"Jobbmobil Multi 120 GB MFA";"Ja";"20210626"
"TILLARK, AB";"5591211502";" 0707222278";"Telia Jobbmobil Multi 2 GB";"Ja";"20210726"
"TVÅ A MEDIA, AB";"5591529648";" 0725464800";"Jobbmobil 25 GB Osub MFA";"Ja";"20220917"
"ÅC ENTREPRENAD, AB";"5591665541";" 0706454065";"Telia Jobbmobil Multi 10 GB";"Nej";" "
"AM ÅKERI I ÖRKELLJUNGA, AB";"5566095427";" 0705586819";"Jobbmobil 1 GB Osub MFA";"Ja";"20220903"
"AM ÅKERI I ÖRKELLJUNGA, AB";"5566095427";" 0732034026";"Jobbmobil 1 GB Osub MFA";"Ja";"20220903"
"AM ÅKERI I ÖRKELLJUNGA, AB";"5566095427";" 0705586819";"Jobbmobil 1 GB Osub MFA";"Ja";"20220903"
"ALFREDSSONS ENTREPRENAD,, AB";"5563616464";" 0706300090";"Jobbmobil Multi 60 GB MFA";"Ja";"20210103"
"ALFREDSSONS ENTREPRENAD,, AB";"5563616464";" 0705910546";"Jobbmobil Multi 10 GB MFAOsub";"Ja";"20201210"
"ALFREDSSONS ENTREPRENAD,, AB";"5563616464";" 0706300090";"Jobbmobil Multi 60 GB MFA";"Ja";"20210103"
"ANDERS PLANS SCHAKT, AB";"5563741189";" 0702340792";"Jobbmobil Multi 30 GB MFA Osub";"Ja";"20210429"
"CME REDOVISNING, AB";"5569071466";" 0725371231";"Telia Jobbmobil Multi 10 GB";"Ja";"20211004"
"D.O.Y., AB";"5562784941";" 0709360300";"Jobbmobil 40 GB MFA";"Ja";"20210221"
"D.O.Y., AB";"5562784941";" 0706982266";"Jobbmobil Multi 10 GB MFAOsub";"Ja";"20210221"
"D.O.Y., AB";"5562784941";" 0708205515";"Jobbmobil Multi 30 GB MFA";"Ja";"20210517"
"GILLNER KONSULT, AB";"5569428351";" 0738430621";"Jobbmobil 15 GB";"Ja";"20220604"
"JASCON, AB";"5591775753";" 0723074556";"Jobbmobil Obegränsad Osub";"Ja";"20201228"
"LINDFELDT DEVELOPMENT, AB";"5591535058";" 0767948800";"Telia Jobbmobil Multi 30 GB";"Nej";" "
"MH CONTRAC, AB";"5569599128";" 0708809206";"Jobbmobil Basic";"Nej";" "
"PERNILLA THOR CONSULTING, AB";"5591233670";" 0708144123";"Jobbmobil 25 GB";"Nej";" "
"RITA RAITIO KONSULT, AB";"5569909608";" 0703558028";"Jobbmobil Obegränsad";"Ja";"20221023"
"SOFIA GEIDEBY HAIR, AB";"5591143580";" 0706333235";"Jobbmobil Multi 30 GB MFA";"Ja";"20211121"
"TJ BYGGPROJEKTERING, AB";"5590813654";" 0708630090";"Jobbmobil Multi 10 GB MFAOsub";"Ja";"20211227"
"TRAFIKSKOLAN EVELINA, AB";"5591033039";" 0702149109";"Jobbmobil Multi 30 GB MFA Osub";"Ja";"20210913"
"TRAFIKSKOLAN EVELINA, AB";"5591033039";" 0768308676";"Jobbmobil Bas MFA";"Nej";" "
"VIOSAN, AB";"5564804499";" 0705390279";"Jobbmobil Multi 60 GB MFA";"Nej";" "
"VIOSAN, AB";"5564804499";" 0705260295";"Jobbmobil Multi 30 GB MFA";"Nej";" "
"VIOSAN, AB";"5564804499";" 0705390279";"Jobbmobil Multi 60 GB MFA";"Nej";" "
"VIOSAN, AB";"5564804499";" 0705260295";"Jobbmobil Multi 30 GB MFA";"Nej";" "
"YRKESMEDICINSKA LÄKARTJÄNSTER BD, AB";"5569010035";" 0706587263";"Jobbmobil Bas";"Nej";" "
"YRKESMEDICINSKA LÄKARTJÄNSTER BD, AB";"5569010035";" 0706587263";"Jobbmobil Bas";"Nej";" "
"A STENHOLM SKOGS- OCH BYGGTJÄNST, AB";"5563796415";" 0739209730";"Jobbmobil Multi 10 GB Osub";"Ja";"20211220"
"A STENHOLM SKOGS- OCH BYGGTJÄNST, AB";"5563796415";" 0739812191";"Telia Jobbmobil Multi 10 GB";"Nej";" "
"ARVIKA BUDTJÄNST, AB";"5565504478";" 0706280809";"Jobbmobil 15 GB";"Ja";"20221111"
"ARVIKA BUDTJÄNST, AB";"5565504478";" 0706280809";"Jobbmobil 15 GB";"Ja";"20221111"
"ARVIKA BUDTJÄNST, AB";"5565504478";" 0702008662";"Jobbmobil 3 GB Osub";"Ja";"20221105"
"AXEL DANIELSSON KONSULT, AB";"5562730720";" 0707769955";"Jobbmobil 15 GB MFA";"Ja";"20210111"
"AXEL DANIELSSON KONSULT, AB";"5562730720";" 0705367287";"Jobbmobil Obegränsad Osub MFA";"Ja";"20220119"
"AXEL DANIELSSON KONSULT, AB";"5562730720";" 0705367287";"Jobbmobil Obegränsad Osub MFA";"Ja";"20220119"
"DAVIDS BYGG & MEK, AB";"5591611867";" 0706334789";"Jobbmobil 40 GB MFA";"Ja";"20210112"
"ELBES RADIO & TV I SKUTSKÄR, AB";"5562304021";" 0703670174";"Telia Jobbmobil Bas";"Nej";" "
"ELBES RADIO & TV I SKUTSKÄR, AB";"5562304021";" 0703670174";"Telia Jobbmobil Bas";"Nej";" "
"FABEN, AB";"5591446447";" 0703700082";"Jobbmobil Multi 30 GB MFA";"Ja";"20220501"
"FREDRIK LARSSON PHOTOGRAPHY, AB";"5569557092";" 0702293357";"Telia Jobbmobil Multi 10 GB";"Ja";"20201219"
"GSP BENSIN, AB";"5566295894";" 0706333952";"Jobbmobil Obegränsad";"Ja";"20230409"
"GSP BENSIN, AB";"5566295894";" 0706333952";"Jobbmobil Obegränsad";"Ja";"20230409"
"GREBDE, AB";"5567816979";" 0722035388";"Telia Jobbmobil Multi 2 GB";"Nej";" "
"HENSTRAND PROJECT MANAGEMENT, AB";"5592016850";" 0761001254";"Telia Jobbmobil Multi 10 GB";"Ja";"20210731"
"MOSSBERG BYGGSERVICE, AB";"5590364658";" 0706716997";"Telia Jobbmobil Multi 30 GB";"Ja";"20210528"
"NORDISK FARLIGT GODS KONSULT, AB";"5568056419";" 0705132569";"Jobbmobil Obegränsad MFA";"Ja";"20220629"
"PORT PARTNER SVERIGE, AB";"5566378609";" 0705668111";"Jobbmobil Obegränsad MFA";"Ja";"20220110"
"PORT PARTNER SVERIGE, AB";"5566378609";" 0703798442";"Jobbmobil Multi 60 GB MFA";"Nej";" "
"SKEPPARUTBILDNING I KARLSTAD, AB";"5568964190";" 0705204949";"Jobbmobil Multi 30 GB MFA";"Ja";"20220107"
"SKEPPARUTBILDNING I KARLSTAD, AB";"5568964190";" 0705664949";"Jobbmobil Multi 10 GB MFA";"Nej";" "
"VIRTUAL PP, AB";"5569591760";" 0701493443";"Telia Jobbmobil Multi 60 GB";"Ja";"20210310"
"HALMSTADS BOKBINDERI SERVICE, AB";"5564860046";" 0705889421";"Telia Jobbmobil Multi 2 GB";"Nej";" "
"HALMSTADS BOKBINDERI SERVICE, AB";"5564860046";" 0705889421";"Telia Jobbmobil Multi 2 GB";"Nej";" "
"BERTIL ÅKARE, AB";"5566757109";" 0705624712";"Jobbmobil Multi 10 GB MFA";"Nej";" "
"BERTIL ÅKARE, AB";"5566757109";" 0705772570";"Jobbmobil Multi 10 GB MFA";"Nej";" "
"BERTIL ÅKARE, AB";"5566757109";" 0705772570";"Jobbmobil Multi 10 GB MFA";"Nej";" "
"EPICWATER, AB";"5568701436";" 0702720322";"Telia Jobbmobil Multi 10 GB";"Ja";"20211122"
"GGP UTVECKLINGS, AB";"5565232088";" 0705163600";"Jobbmobil Multi 120 GB MFA";"Ja";"20210316"
"GRUVHALLEN LIVS, AB";"5560079104";" 0702796007";"Jobbmobil Bas";"Nej";" "
"HSS SKOGSFÖRVALTNING, AB";"5591997365";" 0702121567";"Jobbmobil 15 GB";"Ja";"20220924"
"INDICINA TV, AB";"5590506944";" 0704140118";"Jobbmobil Multi 30 GB MFA";"Ja";"20211024"
"INDICINA TV, AB";"5590506944";" 0703474854";"Jobbmobil Multi 30 GB MFA";"Nej";" "
"J BENGTSSON FASTIGHETSSERVICE, AB";"5567529713";" 0702387526";"Jobbmobil 40 GB";"Ja";"20210219"
"MAGNUS RAHM ENERGY CONSULTING, AB";"5591368393";" 0734144307";"Jobbmobil Multi 30 GB MFA";"Ja";"20220115"
"REDLIGHT MEDIA, AB";"5569581654";" 0739120727";"Jobbmobil 15 GB";"Nej";" "
"REDLIGHT MEDIA, AB";"5569581654";" 0736596967";"Jobbmobil 15 GB";"Nej";" "
"TRACKSYSTEMS SCANDINAVIA, AB";"5590843941";" 0706692736";"Jobbmobil 5 GB";"Nej";" "
"TRACKSYSTEMS SCANDINAVIA, AB";"5590843941";" 0761166675";"Jobbmobil 15 GB";"Nej";" "
"WÄSTGÖTA FINANS, AB";"5568875404";" 0761340285";"OE Bas";"Nej";" "
"WÄSTGÖTA FINANS, AB";"5568875404";" 0708117780";"Jobbmobil Multi 10 GB";"Nej";" "
"WÄSTGÖTA FINANS, AB";"5568875404";" 0722127094";"OE Multi 5 GB";"Nej";" "
"WÄSTGÖTA FINANS, AB";"5568875404";" 0730874508";"OE Bas";"Nej";" "
"A SMALL WORLD, AB";"5564249109";" 0706789189";"Telia Jobbmobil Multi 10 GB";"Ja";"20211125"
"ADWORK REKRYTERING, AB";"5568875669";" 0706404333";"Telia Jobbmobil Multi 10 GB";"Nej";" "
"BÄCKSTRÖMS HATTAR, AB";"5560821877";" 0705555335";"Jobbmobil 3 GB Osub MFA";"Ja";"20210504"
"ENDA ENTREPRENAD STOCKHOLM, AB";"5568816630";" 0730860999";"Telia Jobbmobil Multi 30 GB";"Ja";"20210630"
"FOCUS TRAVEL, AB";"5562694066";" 0707562650";"Jobbmobil Multi 10 GB MFAOsub";"Ja";"20221019"
"FREIJS VÅGSERVICE, AB";"5561742726";" 0705406500";"Jobbmobil Multi 30 GB MFA";"Nej";" "
"JOHANNES GRUPPEN, AB";"5565582698";" 0762364200";"Telia Jobbmobil Multi 30 GB";"Ja";"20220108"
"LDH I BORÅS, AB";"5560607714";" 0709152380";"Jobbmobil 5 GB MFA";"Ja";"20220622"
"LDH I BORÅS, AB";"5560607714";" 0709152380";"Jobbmobil 5 GB MFA";"Ja";"20220622"
"MARIE ANDERSSON FYSIO & REHAB, AB";"5591011043";" 0733167374";"Jobbmobil Obegränsad Osub";"Ja";"20211203"
"MILSTENEN UTVECKLING, AB";"5565434551";" 0705385222";"Jobbmobil Multi 1 GB MFA Osub";"Ja";"20211228"
"MILSTENEN UTVECKLING, AB";"5565434551";" 0705385222";"Jobbmobil Multi 1 GB MFA Osub";"Ja";"20211228"
"PERFORMANCE PARTNER AGG, AB";"5591507446";" 0722435029";"Jobbmobil Multi 30 GB MFA";"Ja";"20220308"
"PERFORMANCE PARTNER AGG, AB";"5591507446";" 0766016664";"Jobbmobil Multi 30 GB MFA";"Ja";"20220925"
"PLAST REK, AB";"5590505359";" 0722274450";"Jobbmobil Multi 10 GB MFA";"Nej";" "
"PLAST REK, AB";"5590505359";" 0722227461";"Jobbmobil Multi 10 GB MFAOsub";"Ja";"20210207"
"R.A. BETONGSERVICE, AB";"5591595201";" 0706029930";"Jobbmobil Multi 30 GB MFA";"Ja";"20221204"
"R.A. BETONGSERVICE, AB";"5591595201";" 0706841331";"Jobbmobil Multi 30 GB MFA";"Ja";"20210830"
"SVEASONS FÄLG & DÄCK, AB";"5568793060";" 0705565004";"Jobbmobil Multi 30 GB MFA";"Ja";"20220617"
"SVEASONS FÄLG & DÄCK, AB";"5568793060";" 0704970020";"Jobbmobil Bas MFA";"Ja";"20220317"
"SVEN GRUNDSTRÖMS, AB";"5562032671";" 0705688283";"Jobbmobil Multi 2 GB MFA";"Ja";"20220127"
"SVEN GRUNDSTRÖMS, AB";"5562032671";" 0705688295";"Jobbmobil Multi 2 GB MFA";"Ja";"20211021"
"SVEN GRUNDSTRÖMS, AB";"5562032671";" 0705688283";"Jobbmobil Multi 2 GB MFA";"Ja";"20220127"
"WEBIT DESIGN I KALMAR, AB";"5590894092";" 0733730088";"Jobbmobil Multi 10 GB MFA";"Ja";"20220430"
"WEBIT DESIGN I KALMAR, AB";"5590894092";" 0737318029";"Extrakort Fast";"Nej";" "
"WRAMNER ORGANISATIONSUTVECKLING, AB";"5563944767";" 0706475058";"Jobbmobil Multi 5 GB TFA";"Nej";" "
"WRAMNER ORGANISATIONSUTVECKLING, AB";"5563944767";" 0706475058";"Jobbmobil Multi 5 GB TFA";"Nej";" "
"AH-TJÄNST, AB";"5567249718";" 0706400195";"Jobbmobil Multi 20 GB TFA";"Ja";"20210522"
"AUTOPARTNER NORDIC, AB";"5567641930";" 0706404320";"Jobbmobil Multi 30 GB MFA Osub";"Ja";"20220602"
"AUTOPARTNER NORDIC, AB";"5567641930";" 0706404328";"Jobbmobil Multi 30 GB MFA Osub";"Ja";"20220531"
"BJÖRKEBO CAMPING, AB";"5590214937";" 0727093403";"Jobbmobil Multi 2 GB Osub";"Nej";" "
"DR WALLINDER, AB";"5591679468";" 0733780800";"Jobbmobil 15 GB";"Ja";"20221110"
"FRISK LYCKLIG & FÖRMÖGEN, AB";"5590596226";" 0705839853";"Jobbmobil Obegränsad Osub";"Ja";"20221130"
"HÄSTERYD FIBER, AB";"5561848150";" 0706668609";"Jobbmobil 1 GB MFA";"Ja";"20220921"
"KNUFF SJÖENTREPRENAD, AB";"5565407896";" 0706618111";"Jobbmobil Multi 30 GB MFA";"Ja";"20220127"
"KRAFMAN, AB";"5562749894";" 0702188899";"Jobbmobil Basic TFA";"Nej";" "
"SETRACO, AB";"5566011218";" 0705406519";"Jobbmobil Multi 30 GB MFA Osub";"Ja";"20211031"
"SETRACO, AB";"5566011218";" 0705406529";"Jobbmobil Multi 30 GB MFA Osub";"Ja";"20211031"
"SETRACO, AB";"5566011218";" 0705406519";"Jobbmobil Multi 30 GB MFA Osub";"Ja";"20211031"
"STENSON COACHING, AB";"5590860929";" 0703817023";"Jobbmobil Obegränsad";"Ja";"20221119"
"TOMAS SERHOLT, AB";"5590616313";" 0732563797";"Telia Jobbmobil Multi 10 GB";"Ja";"20210212"
"VINTHI ENTREPRENAD, AB";"5568959752";" 0705977117";"Jobbmobil Obegränsad MFA";"Ja";"20220619"
"VINTHI ENTREPRENAD, AB";"5568959752";" 0705977567";"Jobbmobil 15 GB MFA";"Ja";"20220619"
"ACCTEC, AB";"5562323112";" 0738209988";"Telia Kontantkort";"Nej";" "
"BLACK DIAMOND TATTOO, AB";"5568810153";" 0725376952";"Jobbmobil Bas 0.5 GB";"Nej";" "
"ASPLUNDS PUMP OCH MÄTARSERVICE";"5561530329";" 0706988747";"Jobbmobil Multi 120 GB MFA";"Ja";"20211103"
"ASPLUNDS PUMP OCH MÄTARSERVICE";"5561530329";" 0706988747";"Jobbmobil Multi 120 GB MFA";"Ja";"20211103"
"ASPLUNDS PUMP OCH MÄTARSERVICE";"5561530329";" 0706988747";"Jobbmobil Multi 120 GB MFA";"Ja";"20211103"
"JPG-KONSULT, AB";"5590272174";" 0706716185";"Jobbmobil 25 GB Osub";"Ja";"20201216"
"PAJALA FÖRETAGSHÄLSOVÅRDSCENTRAL, AB";"5562517762";" 0722070929";"Jobbmobil Multi 30 GB Osub";"Ja";"20211105"
"PAJALA FÖRETAGSHÄLSOVÅRDSCENTRAL, AB";"5562517762";" 0722070929";"Jobbmobil Multi 30 GB Osub";"Ja";"20211105"
"SOLGÅRDEN ANTIK & MÅLERI, AB";"5568966831";" 0709992788";"Jobbmobil Multi 30 GB MFA";"Ja";"20201221"
"TRÄTEKNIK PAULI LYYTINEN, AB";"5562902485";" 0730962834";"Extrakort Fast";"Nej";" "
"TRÄTEKNIK PAULI LYYTINEN, AB";"5562902485";" 0705236507";"Jobbmobil Multi 10 GB Osub";"Nej";" "
"VÄRÖ MÅLERI & LACKSERVICE, AB";"5563609352";" 0738454415";"Jobbmobil Multi 20 GB TFA";"Ja";"20221127"
"VÄRÖ MÅLERI & LACKSERVICE, AB";"5563609352";" 0738454106";"Jobbmobil Multi 20 GB TFA";"Ja";"20221127"
"VÄRÖ MÅLERI & LACKSERVICE, AB";"5563609352";" 0738454118";"Jobbmobil Multi 20 GB TFA";"Ja";"20221127"
"CAELI CONTROL,, AB";"5591779771";" 0703339244";"Jobbmobil Obegränsad";"Ja";"20231124"
"SMÅLANDSVIRKE, AB";"5561794693";" 0705876055";"Mobil 12 GB";"Nej";" "
"FRISÖR JENNI K, AB";"5568690142";" 0706357606";"Telia Jobbmobil Multi 30 GB";"Ja";"20210731"
"DIGITAL MEDIA DESIGN I KARLSTAD, AB";"5561939058";" 0701821101";"Jobbmobil Multi 30 GB MFA";"Ja";"20210713"
"DIGITAL MEDIA DESIGN I KARLSTAD, AB";"5561939058";" 0737356661";"Jobbmobil Multi 10 GB MFA";"Ja";"20220202"
"DIGITAL MEDIA DESIGN I KARLSTAD, AB";"5561939058";" 0738854111";"Jobbmobil Multi 60 GB MFA";"Ja";"20210719"
"DIGITAL MEDIA DESIGN I KARLSTAD, AB";"5561939058";" 0701821101";"Jobbmobil Multi 30 GB MFA";"Ja";"20210713"
"DIGITAL MEDIA DESIGN I KARLSTAD, AB";"5561939058";" 0701821101";"Jobbmobil Multi 30 GB MFA";"Ja";"20210713"
"DIGITAL MEDIA DESIGN I KARLSTAD, AB";"5561939058";" 0737356661";"Jobbmobil Multi 10 GB MFA";"Ja";"20220202"
"INPARTNER UTBILDNING, AB";"5568818156";" 0761033032";"Jobbmobil Multi 10 GB MFA";"Nej";" "
"INPARTNER UTBILDNING, AB";"5568818156";" 0761033032";"Jobbmobil Multi 10 GB MFA";"Nej";" "
"LUREBO, AB";"5569242208";" 0706945588";"Jobbmobil 40 GB Osub";"Ja";"20201211"
"MK-FODER, AB";"5562487008";" 0706040079";"Mobitel";"Nej";" "
"NORELLS MARIN OCH MEKANISKA, AB";"5562096577";" 0706070643";"Jobbmobil Multi 2 GB MFA";"Ja";"20211227"
"PUPPE RÅDGIVNING, AB";"5569512360";" 0706330541";"Jobbmobil Multi 30 GB Osub";"Ja";"20210116"
"RIESBECK REKLAM, AB";"5566548086";" 0705879017";"Jobbmobil Multi 20 GB TFA";"Ja";"20211210"
"RIESBECK REKLAM, AB";"5566548086";" 0705879017";"Jobbmobil Multi 20 GB TFA";"Ja";"20211210"
"SPARRINOVA, AB";"5564558657";" 0709905129";"Jobbmobil Multi 30 GB MFA";"Ja";"20220325"
"SPARRINOVA, AB";"5564558657";" 0709905129";"Jobbmobil Multi 30 GB MFA";"Ja";"20220325"
"SAMUEL FORSLUND KONSULT, AB";"5590066345";" 0722482311";"Telia Jobbmobil Multi 10 GB";"Ja";"20210415"
"SHINY HAPPY PEOPLE AD AGENCY, AB";"5567878722";" 0709569594";"Jobbmobil Multi 30 GB Osub";"Ja";"20210528"
"STRÄNG FINANS, AB";"5569818247";" 0730926639";"Telia Kontantkort";"Nej";" "
"STRÄNG FINANS, AB";"5569818247";" 0725707157";"Jobbmobil Obegränsad Osub";"Ja";"20211120"
"UNO WALLGREN, AB";"5566398474";" 0705351260";"Telia Jobbmobil Multi 2 GB";"Nej";" "
"UNO WALLGREN, AB";"5566398474";" 0703803884";"Extrakort Fast";"Nej";" "
"ALC ARBETSLIVSTJÄNSTER, AB";"5567260186";" 0768383200";"Jobbmobil Multi 30 GB MFA";"Ja";"20210116"
"ALC ARBETSLIVSTJÄNSTER, AB";"5567260186";" 0768383200";"Jobbmobil Multi 30 GB MFA";"Ja";"20210116"
"AFFIXUS, AB";"5564837192";" 0706681429";"Jobbmobil Multi 30 GB MFA";"Nej";" "
"AFFIXUS, AB";"5564837192";" 0722330068";"Jobbmobil Multi 30 GB MFA";"Nej";" "
"AFFIXUS, AB";"5564837192";" 0706681429";"Jobbmobil Multi 30 GB MFA";"Nej";" "
"CH FRYKLUND CONSULTING, AB";"5568559388";" 0706757716";"Jobbmobil Multi 30 GB MFA";"Ja";"20210812"
"CABLO REDOVISNING, AB";"5568294176";" 0722106592";"Telia Kontantkort";"Nej";" "
"CLIMB ACCESS, AB";"5590650148";" 0722585231";"Telia Jobbmobil Multi 120 GB";"Nej";" "
"COALESCE WELDING I SUNNE, AB";"5591371728";" 0738321135";"Jobbmobil Obegränsad Osub";"Ja";"20211101"
"GM TRADING OCH SERVICE, AB";"5591112296";" 0761394872";"Telia Jobbmobil Multi 30 GB";"Ja";"20210913"
"GM TRADING OCH SERVICE, AB";"5591112296";" 0761394738";"Telia Jobbmobil Multi 30 GB";"Ja";"20210913"
"GM TRADING OCH SERVICE, AB";"5591112296";" 0761394742";"Telia Jobbmobil Multi 30 GB";"Ja";"20210913"
"GM TRADING OCH SERVICE, AB";"5591112296";" 0761394746";"Telia Jobbmobil Multi 30 GB";"Ja";"20210708"
"HAGÅRDS LAGÅRD, AB";"5590090121";" 0730751014";"Jobbmobil Obegränsad MFA";"Ja";"20231127"
"PUFFEN ASSISTANS I OCKELBO, AB";"5566188578";" 0706544015";"Jobbmobil Multi 30 GB MFA";"Ja";"20210925"
"PUFFEN ASSISTANS I OCKELBO, AB";"5566188578";" 0706229979";"Jobbmobil Multi 30 GB MFA";"Ja";"20210925"
"PUFFEN ASSISTANS I OCKELBO, AB";"5566188578";" 0706544015";"Jobbmobil Multi 30 GB MFA";"Ja";"20210925"
"PUFFEN ASSISTANS I OCKELBO, AB";"5566188578";" 0706229979";"Jobbmobil Multi 30 GB MFA";"Ja";"20210925"
"Q-LINEA, AB";"5567290217";" 0706101404";"Jobbmobil Multi 10 GB MFAOsub";"Ja";"20220210"
"Q-LINEA, AB";"5567290217";" 0738444074";"Jobbmobil Multi 10 GB MFAOsub";"Ja";"20221202"
"Q-LINEA, AB";"5567290217";" 0703377054";"Jobbmobil Multi 10 GB MFAOsub";"Ja";"20221002"
"Q-LINEA, AB";"5567290217";" 0730540081";"Jobbmobil Multi 10 GB MFAOsub";"Ja";"20220701"
"Q-LINEA, AB";"5567290217";" 0730408137";"Jobbmobil Multi 10 GB MFAOsub";"Ja";"20220529"
"Q-LINEA, AB";"5567290217";" 0702393789";"Jobbmobil Multi 10 GB MFAOsub";"Ja";"20220731"
"Q-LINEA, AB";"5567290217";" 0730575017";"Jobbmobil Multi 10 GB MFAOsub";"Ja";"20220803"
"Q-LINEA, AB";"5567290217";" 0730288314";"Jobbmobil Multi 10 GB MFAOsub";"Ja";"20220518"
"Q-LINEA, AB";"5567290217";" 0738429223";"Jobbmobil Multi 10 GB MFAOsub";"Ja";"20220529"
"R.H.K ENTREPRENAD, AB";"5591216550";" 0706803202";"Telia Jobbmobil Multi 30 GB";"Ja";"20210908"
"HAIR BY HELENA, AB";"5569123663";" 0703959183";"Jobbmobil Multi 30 GB MFA";"Ja";"20210110"
"ÅKE BYLOWS SKOGSAVVERKN AB";"5562973635";" 0702030664";"Jobbmobil Multi 10 GB MFAOsub";"Ja";"20210515"
"ADVOKATBYRÅN SIMONSSON, AB";"5569764565";" 0703815188";"Jobbmobil Multi 10 GB MFA";"Ja";"20221106"
"VIGLET,, AB";"5591726889";" 0705488492";"Telia Jobbmobil Multi 30 GB";"Ja";"20210408"
"BERGFOTEN FÖRVALTNING, AB";"5569587099";" 0707135959";"Jobbmobil Multi 30 GB MFA";"Nej";" "
"EFFEKTOPTIMERING STOCKHOLM, AB";"5591583330";" 0704500547";"OE Partner Obegränsad Osub";"Ja";"20230820"
"ERIC EDLUND CONSULTING, AB";"5591150239";" 0708166182";"Telia Jobbmobil Multi 60 GB";"Nej";" "
"GRÄSÖRÄVARNA, AB";"5566582390";" 0722020772";"Jobbmobil Multi 10 GB MFA";"Ja";"20220217"
"GRÄSÖRÄVARNA, AB";"5566582390";" 0738056721";"Jobbmobil Multi 30 GB MFA";"Ja";"20211118"
"GRÄSÖRÄVARNA, AB";"5566582390";" 0706696381";"Jobbmobil Obegränsad MFA";"Ja";"20220514"
"GRÄSÖRÄVARNA, AB";"5566582390";" 0722020772";"Jobbmobil Multi 10 GB MFA";"Ja";"20220217"
"GÖRAN THOR ENTREPRENAD, AB";"5567143192";" 0702303880";"Jobbmobil Multi 1 GB MFA Osub";"Ja";"20210506"
"GÖRAN THOR ENTREPRENAD, AB";"5567143192";" 0706075171";"Jobbmobil Bas MFA";"Nej";" "
"H-P HOKEY-POKEY HOLDING, AB";"5569384570";" 0705538444";"Telia Jobbmobil Multi 30 GB";"Nej";" "
"H-P HOKEY-POKEY HOLDING, AB";"5569384570";" 0705985036";"Telia Jobbmobil Multi 30 GB";"Nej";" "
"H-P HOKEY-POKEY HOLDING, AB";"5569384570";" 0705538474";"Telia Jobbmobil Multi 30 GB";"Nej";" "
"H-P HOKEY-POKEY HOLDING, AB";"5569384570";" 0705845389";"Telia Jobbmobil Bas";"Nej";" "
"JCM EKONOMIKONSULT, AB";"5590254651";" 0701154170";"Jobbmobil Multi 2 GB Osub";"Ja";"20210516"
"JCM EKONOMIKONSULT, AB";"5590254651";" 0701154170";"Jobbmobil Multi 2 GB Osub";"Ja";"20210516"
"JLE PROCESSRÖR, AB";"5568060056";" 0702204479";"Jobbmobil Multi 30 GB MFA";"Nej";" "
"KÖHLERS RÖR, AB";"5590384342";" 0706918899";"Jobbmobil Multi 30 GB Osub";"Ja";"20211120"
"LUNDEVALL ENTREPRENAD, AB";"5565044756";" 0705466562";"Jobbmobil Obegränsad MFA";"Ja";"20221116"
"LUNDEVALL ENTREPRENAD, AB";"5565044756";" 0705466672";"Jobbmobil Obegränsad MFA";"Ja";"20221116"
"MEABONA, AB";"5567322614";" 0703071411";"Jobbmobil Obegränsad";"Ja";"20211017"
"NYLUND EXPRESS TRANSPORT, AB";"5590458708";" 0727338333";"Jobbmobil 40 GB";"Ja";"20231009"
"NYLUND EXPRESS TRANSPORT, AB";"5590458708";" 0727338333";"Jobbmobil 40 GB";"Ja";"20231009"
"NÄRINGSLIVETS MARKNADSUTVECKLING, NMU AB";"5565797213";" 0706030900";"Jobbmobil Multi 10 GB Osub";"Ja";"20211021"
"NÄRINGSLIVETS MARKNADSUTVECKLING, NMU AB";"5565797213";" 0706030900";"Jobbmobil Multi 10 GB Osub";"Ja";"20211021"
"SEF MEDICAL, AB";"5568705080";" 0702164067";"Telia Jobbmobil Multi 30 GB";"Ja";"20211004"
"SJÖGRENS ELEMENTMONTERING, AB";"5568276488";" 0768333700";"Jobbmobil Multi 30 GB MFA Osub";"Ja";"20210527"
"SJÖGRENS ELEMENTMONTERING, AB";"5568276488";" 0702606864";"Jobbmobil Multi 30 GB MFA";"Ja";"20210815"
"SOFIA BERGSTRÖM, AB";"5590247168";" 0730208229";"Jobbmobil Obegränsad";"Ja";"20220324"
"WOODENSTREET HOLDING & CONSULTING, AB";"5591295448";" 0702602246";"Telia Jobbmobil Multi 30 GB";"Ja";"20210810"
"ADVOKAT PETER GUSTAFSSON, AB";"5566696380";" 0705414882";"Telia Jobbmobil Multi 30 GB";"Ja";"20220320"
"BROSTIGEN FÖRVALTNINGS, AB";"5564171352";" 0706899086";"Jobbmobil Multi 1 GB";"Nej";" "
"BROSTIGEN FÖRVALTNINGS, AB";"5564171352";" 0706901030";"Jobbmobil Multi 5 GB";"Nej";" "
"BROSTIGEN FÖRVALTNINGS, AB";"5564171352";" 0709300498";"Jobbmobil Multi 5 GB";"Nej";" "
"BROSTIGEN FÖRVALTNINGS, AB";"5564171352";" 0705473518";"Jobbmobil Multi 1 GB";"Nej";" "
"FAGERÄNGS SNICKERI, AB";"5569917130";" 0708140288";"Jobbmobil Multi 10 GB Osub";"Ja";"20220127"
"MÅLERIFIRMAN HOLMEN, AB";"5567891790";" 0730746206";"Jobbmobil Multi 10 GB MFA";"Ja";"20220304"
"MÅLERIFIRMAN HOLMEN, AB";"5567891790";" 0704197785";"Jobbmobil Multi 10 GB MFA";"Ja";"20221111"
"UPPKÖPET I STOCKHOLM, AB";"5562611748";" 0730776824";"Jobbmobil Multi 30 GB MFA";"Ja";"20221127"
"UPPKÖPET I STOCKHOLM, AB";"5562611748";" 0708330525";"Jobbmobil Multi 10 GB MFA";"Ja";"20220311"
"WESTIN AKUSTIK, AB";"5564929544";" 0705730110";"Jobbmobil Multi 30 GB MFA Osub";"Ja";"20220721"
"WESTIN AKUSTIK, AB";"5564929544";" 0705730110";"Jobbmobil Multi 30 GB MFA Osub";"Ja";"20220721"
"BRÖDERNA DANIELSSONS BYGG, AB";"5567125686";" 0708679205";"Jobbmobil Multi 10 GB MFA";"Ja";"20220320"
"ELTREAN, AB";"5565882338";" 0761046060";"Telia Jobbmobil Multi 30 GB";"Nej";" "
"FIRRES EL & BYGG SERVICE, AB";"5568237365";" 0737742892";"Jobbmobil Multi 120 GB MFA";"Ja";"20211119"
"FLAGGEN HÄLSOKOST I BLEKINGE, AB";"5564768090";" 0760254370";"Telia Jobbmobil Multi 60 GB";"Nej";" "
"KENNETH TÖRNQVIST MÅLERI, AB";"5562527803";" 0705186264";"Jobbmobil Multi 100 GB TFA";"Nej";" "
"KENNETH TÖRNQVIST MÅLERI, AB";"5562527803";" 0705186264";"Jobbmobil Multi 100 GB TFA";"Nej";" "
"KILSBERGENS BYGG, AB";"5569324667";" 0707494551";"Telia Jobbmobil Multi 30 GB";"Ja";"20210719"
"KILSBERGENS BYGG, AB";"5569324667";" 0707494551";"Telia Jobbmobil Multi 30 GB";"Ja";"20210719"
"SAIL POOL SWEDEN, AB";"5568067150";" 0708748980";"Jobbmobil Obegränsad";"Ja";"20221103"
"THONA KONSULT, AB";"5591080287";" 0707350688";"Jobbmobil Multi 10 GB MFA";"Ja";"20210921"
"THONA KONSULT, AB";"5591080287";" 0704418329";"Jobbmobil Multi 10 GB MFAOsub";"Ja";"20220119"
"WALLER STERNER & PARTNERS, AB";"5567522015";" 0767669067";"Jobbmobil Multi 30 GB MFA Osub";"Ja";"20220218"
"M. LINDKVIST RÖR, AB";"5561091827";" 0703316057";"Jobbmobil Multi 30 GB MFA";"Nej";" "
"M. LINDKVIST RÖR, AB";"5561091827";" 0703316057";"Jobbmobil Multi 30 GB MFA";"Nej";" "
"BALD ENGINEERING, AB";"5590839774";" 0767639467";"Telia Kontantkort";"Nej";" "
"BJÄSTA AFFÄRSBYRÅ, AB";"5560571936";" 0703305096";"Jobbmobil Multi 10 GB MFA";"Ja";"20220124"
"CARODENT, AB";"5591076780";" 0708257507";"Telia Jobbmobil Multi 10 GB";"Nej";" "
"EKONOMITJÄNST I ÄLVSBYN, AB";"5568971765";" 0702728731";"Telia Jobbmobil Multi 10 GB";"Ja";"20210207"
"HELENAS GARDINERIA, AB";"5562741156";" 0735079990";"Jobbmobil 15 GB";"Ja";"20220614"
"I.K.G CARE & ASSISTANCE, AB";"5568561632";" 0738013582";"Jobbmobil 5 GB Osub";"Ja";"20220725"
"IT PARTNER WALLNER, AB";"5565732723";" 0705673863";"Jobbmobil Obegränsad";"Ja";"20220221"
"LINDGREN GOLV & KAKEL, AB";"5569347189";" 0702667807";"Telia Jobbmobil Multi 30 GB";"Ja";"20210326"
"LEIF HELLSTRÖMS BYGG & INREDNINGAR, AB";"5564266608";" 0705104228";"Jobbmobil Multi 20 GB TFA";"Ja";"20210321"
"M GRÖNLUND IT-KONSULT, AB";"5590807656";" 0733718884";"Telia Jobbmobil Multi 30 GB";"Ja";"20210511"
"STRÅTJÄRA DÄCKSERVICE, AB";"5590978408";" 0731838080";"Telia Kontantkort";"Nej";" "
"TURKI GÅRD, AB";"5590421367";" 0706041797";"Telia Jobbmobil Multi 120 GB";"Nej";" "
"VERKSAMHETS - & EKONOMISERVICE I UMEÅ AB";"5591524896";" 0702341134";"Telia Jobbmobil Multi 10 GB";"Ja";"20210107"
"MH MÄKLARSERVICE, AB";"5566169719";" 0708881958";"Jobbmobil 40 GB MFA";"Ja";"20220709"
"ÖREBRO-VÄSTMANLANDS ARKIV, AB";"5569976466";" 0704411339";"Telia Jobbmobil Multi 30 GB";"Ja";"20210227"
"ARTICARE, AB";"5568585623";" 0702054516";"Jobbmobil Multi 30 GB MFA";"Ja";"20220705"
"ARTICARE, AB";"5568585623";" 0707532010";"Jobbmobil Bas MFA";"Ja";"20211018"
"ARTICARE, AB";"5568585623";" 0734410379";"Jobbmobil Bas MFA";"Ja";"20221027"
"ARTICARE, AB";"5568585623";" 0734410380";"Jobbmobil Bas MFA";"Ja";"20221027"
"ETM KYLTEKNIK, AB";"5565630828";" 0704102940";"Jobbmobil Multi 5 GB MFA Osub";"Ja";"20210111"
"F S Mekaniska i Alvesta, AB";"5563459402";" 0708838459";"Jobbmobil Multi 50 GB TFA";"Ja";"20201227"
"STOCKMAN ARKITEKTER, AB";"5567144703";" 0739867950";"Jobbmobil 3 GB Osub MFA";"Ja";"20221005"
"STOCKVIKS MÅLERI, AB";"5591989859";" 0706601217";"Jobbmobil Obegränsad MFA";"Ja";"20210519"
"SÖGÅRD FASTIGHETER, AB";"5569037608";" 0706209267";"Jobbmobil Multi 30 GB MFA";"Ja";"20220918"
"SÖGÅRD FASTIGHETER, AB";"5569037608";" 0703590524";"Jobbmobil Multi 10 GB MFA";"Nej";" "
"SÖGÅRD FASTIGHETER, AB";"5569037608";" 0706209840";"Jobbmobil Obegränsad MFA";"Ja";"20221016"
"BLUELEVEN PHARMA I HALMSTAD, AB";"5591256564";" 0706742533";"Telia Jobbmobil Multi 30 GB";"Nej";" "
"BLUELEVEN PHARMA I HALMSTAD, AB";"5591256564";" 0707487153";"Telia Jobbmobil Multi 30 GB";"Nej";" "
"BOIX-VIVES MUSIC PRODUCTION, AB";"5565445391";" 0707435000";"Jobbmobil Multi 10 GB Osub";"Ja";"20211125"
"BRODDETORP VIND, AB";"5566241120";" 0727399161";"Telia Jobbmobil Mix 120924";"Nej";" "
"BRODDETORP VIND, AB";"5566241120";" 0727399161";"Telia Jobbmobil Mix 120924";"Nej";" "
"FOTOGRAF SUSSI, AB";"5590087820";" 0709647323";"Jobbmobil Multi 30 GB MFA";"Nej";" "
"JINNESTÅL FÖRVALTNINGS, AB";"5564983699";" 0708561170";"Telia Jobbmobil Bas";"Nej";" "
"JINNESTÅL FÖRVALTNINGS, AB";"5564983699";" 0708561170";"Telia Jobbmobil Bas";"Nej";" "
"LJUSDALS FASTIGHETSFÖRVALTNING, AB";"5565252052";" 0706239280";"Telia Kontantkort";"Nej";" "
"LAST & BILLACKERING I GUSUM, AB";"5566086020";" 0705717286";"Jobbmobil Multi 30 GB MFA";"Ja";"20220519"
"LAST & BILLACKERING I GUSUM, AB";"5566086020";" 0705747286";"Jobbmobil Multi 60 GB MFA";"Nej";" "
"LISELLE, AB";"5591076335";" 0725101062";"Jobbmobil Multi 30 GB MFA";"Nej";" "
"LISELLE, AB";"5591076335";" 0725101064";"Jobbmobil Multi 30 GB MFA";"Ja";"20210814"
"LÖVSTA SKOG, AB";"5590406434";" 0705828041";"Telia Jobbmobil Multi 10 GB";"Ja";"20220302"
"NORELLS I HEDEMORA, AB";"5563712008";" 0706333851";"Jobbmobil Multi 30 GB MFA";"Ja";"20210206"
"OPEM-KONSULT, AB";"5563098754";" 0705130970";"Jobbmobil Multi 10 GB MFA";"Ja";"20210904"
"OPEM-KONSULT, AB";"5563098754";" 0730840956";"Jobbmobil Multi 120 GB MFA";"Ja";"20220611"
"OPEM-KONSULT, AB";"5563098754";" 0730713907";"Jobbmobil Multi 120 GB MFA";"Ja";"20220611"
"ORSA LASHING, AB";"5590532262";" 0705908003";"Jobbmobil Multi 5 GB TFA";"Nej";" "
"SARGAS MILJÖ OCH INDUSTRISERVICE, AB";"5564083730";" 0705912812";"Jobbmobil Obegränsad Osub";"Ja";"20220130"
"SARGAS MILJÖ OCH INDUSTRISERVICE, AB";"5564083730";" 0705379311";"Jobbmobil 3 GB Osub";"Ja";"20221019"
"SWEDISH CAR EDUCATION, AB";"5568225352";" 0705400949";"Jobbmobil Multi 10 GB MFA";"Ja";"20211030"
"ULLA HOPPE PSYKOTERAPI, AB";"5565539433";" 0705527265";"Jobbmobil Multi 30 GB MFA";"Ja";"20220926"
"VIRVING CONSULTING, AB";"5592021033";" 0703057840";"Jobbmobil 15 GB";"Ja";"20230817"
"BENGTSFORS EKONOMI & KONSULT, AB";"5562408087";" 0706638185";"Jobbmobil Multi 30 GB MFA";"Nej";" "
"BENGTSFORS EKONOMI & KONSULT, AB";"5562408087";" 0702010018";"Jobbmobil Multi 10 GB MFAOsub";"Ja";"20221103"
"BENGTSFORS EKONOMI & KONSULT, AB";"5562408087";" 0706556240";"Jobbmobil Multi 10 GB MFAOsub";"Ja";"20221103"
"GS TRAINING QINOPRACTIC & REHAB, AB";"5590310594";" 0705609257";"Telia Jobbmobil Multi 30 GB";"Ja";"20210420"
"HW ENTREPRENAD, AB";"5569138489";" 0735304796";"Jobbmobil 40 GB MFA";"Ja";"20221129"
"KANALLT I TRANÅS, AB";"5590447479";" 0708750919";"Telia Jobbmobil Multi 10 GB";"Nej";" "
"L.W. DISTRIBUTION, AB";"5560632464";" 0705408080";"Jobbmobil 15 GB";"Ja";"20220905"
"L.W. DISTRIBUTION, AB";"5560632464";" 0703219670";"Telia Kontantkort";"Nej";" "
"L.W. DISTRIBUTION, AB";"5560632464";" 0705408080";"Jobbmobil 15 GB";"Ja";"20220905"
"MH PLÅT & BYGG, AB";"5568103815";" 0709241701";"Telia Jobbmobil Multi 30 GB";"Nej";" "
"MÖBELMAKARNA I BJÄRNUM, AB";"5566162078";" 0706988259";"Jobbmobil Multi 30 GB MFA";"Ja";"20210116"
"PROTETIKO, AB";"5569457517";" 0733509059";"Jobbmobil Multi 10 GB MFAOsub";"Ja";"20220220"
"PROTETIKO, AB";"5569457517";" 0702288675";"Jobbmobil Multi 5 GB MFA Osub";"Ja";"20220220"
"SVE SOY, AB";"5591909014";" 0702236933";"Jobbmobil Bas MFA";"Nej";" "
"SPEECHLESS, AB";"5569279762";" 0730670576";"Telia Jobbmobil Multi 30 GB";"Ja";"20210328"
"SUSSA GOTT, AB";"5567727044";" 0762837023";"Jobbmobil 40 GB";"Ja";"20221031"
"TRADE INVENT, AB";"5569314551";" 0706304043";"Jobbmobil 15 GB";"Ja";"20220706"
"TRADE INVENT, AB";"5569314551";" 0730613412";"Jobbmobil 15 GB";"Ja";"20220706"
"WACHENFELDT MEDICAL ENTERPRISE, AB";"5590909437";" 0703216678";"Telia Jobbmobil Multi 30 GB";"Ja";"20211101"
"ÅRE ARKITEKT, AB";"5569781460";" 0708480507";"Jobbmobil 15 GB MFA";"Nej";" "
"ÅRE ARKITEKT, AB";"5569781460";" 0733707126";"Jobbmobil Obegränsad Osub MFA";"Ja";"20220721"
"ÅRE ARKITEKT, AB";"5569781460";" 0708480507";"Jobbmobil 15 GB MFA";"Nej";" "
"A BRODIN BYGG, AB";"5568270119";" 0706250425";"Jobbmobil Multi 30 GB MFA";"Nej";" "
"ANDERS LINDBERG MUR & PLATTSÄTTNING, AB";"5568784523";" 0708803046";"Jobbmobil Multi 2 GB Osub";"Ja";"20210116"
"CAD DESIGN I KARLSTAD, AB";"5564464492";" 0705183498";"Jobbmobil Multi 20 GB TFA";"Ja";"20220720"
"EJ CONSULTING, AB";"5568550791";" 0722223462";"Jobbmobil Multi 30 GB MFA";"Ja";"20211104"
"EJ CONSULTING, AB";"5568550791";" 0708953555";"Jobbmobil Multi 10 GB MFA";"Ja";"20220204"
"EJ CONSULTING, AB";"5568550791";" 0733839620";"Jobbmobil Multi 60 GB MFA Osub";"Ja";"20221119"
"EJ CONSULTING, AB";"5568550791";" 0705778302";"Jobbmobil Multi 30 GB MFA";"Nej";" "
"HOVGÅRDS TRANSPORT, AB";"5562892942";" 0702151460";"Jobbmobil Multi 10 GB Osub";"Ja";"20211119"
"ILLEMANN KONSULT, AB";"5569812661";" 0705135591";"Jobbmobil Multi 30 GB";"Nej";" "
"JR RYDÉN CONSULTING, AB";"5569526584";" 0708804696";"Telia Jobbmobil Multi 30 GB";"Ja";"20210207"
"KF KANHUD, AB";"5569665267";" 0703486820";"Jobbmobil Multi 10 GB Osub";"Ja";"20210417"
"KF KANHUD, AB";"5569665267";" 0703486820";"Jobbmobil Multi 10 GB Osub";"Ja";"20210417"
"LUNDMARKS MASKIN, AB";"5591945901";" 0705829857";"Jobbmobil Obegränsad";"Ja";"20210913"
"M.T. GLASMÄSTERI, AB";"5562362375";" 0706058199";"Jobbmobil Multi 10 GB MFA";"Ja";"20220126"
"M.T. GLASMÄSTERI, AB";"5562362375";" 0706058199";"Jobbmobil Multi 10 GB MFA";"Ja";"20220126"
"MANN KAN PROJEKTLEDNING, AB";"5591826739";" 0725654848";"Telia Jobbmobil Multi 10 GB";"Ja";"20220110"
"NATURLIGTVIS SALOMONSSONS, AB";"5563857936";" 0703810390";"Jobbmobil Multi 120 GB MFA";"Ja";"20220521"
"NATURLIGTVIS SALOMONSSONS, AB";"5563857936";" 0703810390";"Jobbmobil Multi 120 GB MFA";"Ja";"20220521"
"SOLFJÄDERN REDOVISNING, AB";"5568407299";" 0702455356";"Jobbmobil 40 GB";"Ja";"20210127"
"SVEJGÅRDS MEKANISKA VERKSTAD, AB";"5568370810";" 0703776075";"Jobbmobil Multi 120 GB MFA";"Ja";"20210401"
"SÄTERGÅRDENS MASKIN, AB";"5563789329";" 0702682090";"Jobbmobil Bas TFA";"Nej";" "
"SÄTERGÅRDENS MASKIN, AB";"5563789329";" 0703470831";"Jobbmobil Bas TFA";"Nej";" "
"TOMMY SÖDERGRENS BERGSPRÄNGNINGS, AB";"5562389519";" 0706797905";"Jobbmobil Multi 1 GB TFA";"Nej";" "
"URETAIL, AB";"5590429451";" 0706451364";"Telia Jobbmobil Multi 10 GB";"Ja";"20220129"
"ULTIRO, AB";"5591322325";" 0730446474";"Jobbmobil Obegränsad";"Ja";"20230720"
"ULTIRO, AB";"5591322325";" 0730335817";"Jobbmobil Obegränsad";"Ja";"20230720"
"ULTIRO, AB";"5591322325";" 0730469056";"Jobbmobil Obegränsad";"Ja";"20230720"
"ÖSTRA TORGGATANS THAIMASSAGE, AB";"5591631154";" 0722117048";"Telia Jobbmobil Multi 30 GB";"Ja";"20210327"
"BENGT RÅDMAN FASTIGHETSKONSULT, AB";"5568327760";" 0702293124";"Jobbmobil Multi 30 GB MFA Osub";"Ja";"20210926"
"BENGT RÅDMAN FASTIGHETSKONSULT, AB";"5568327760";" 0702293124";"Jobbmobil Multi 30 GB MFA Osub";"Ja";"20210926"
"COMRADE, AB";"5568824659";" 0705258369";"Jobbmobil Multi 30 GB MFA";"Nej";" "
"HOLMGRENHOLM, AB";"5566846399";" 0706403370";"Telia Jobbmobil Multi 10 GB";"Ja";"20211217"
"JAN ANDERS MEKANIK KONSULT, AB";"5566743737";" 0705950042";"Jobbmobil Multi 30 GB";"Ja";"20220310"
"JAN ANDERS MEKANIK KONSULT, AB";"5566743737";" 0705950042";"Jobbmobil Multi 30 GB";"Ja";"20220310"
"LOGOPEDITJÄNST SVERIGE, AB";"5568071855";" 0702496612";"Telia Mobil 6 GB";"Ja";"20221104"
"RMO BYGG, AB";"5569098303";" 0706554444";"Jobbmobil Multi 30 GB MFA";"Ja";"20220116"
"STO STÄD, AB";"5567956411";" 0706727411";"Telia Kontantkort";"Nej";" "
"STO STÄD, AB";"5567956411";" 0706727415";"Jobbmobil Multi 30 GB MFA Osub";"Ja";"20201211"
"STO STÄD, AB";"5567956411";" 0707475651";"Jobbmobil Multi 30 GB MFA Osub";"Ja";"20220909"
"STO STÄD, AB";"5567956411";" 0705877446";"Jobbmobil Multi 30 GB MFA Osub";"Ja";"20201211"
"SVENSSONS SKOGSLOGISTIK, AB";"5591011910";" 0708286848";"Jobbmobil Multi 10 GB MFAOsub";"Ja";"20210820"
"FBW SÄBYHOLM, AB";"5591009989";" 0702890348";"Telia Jobbmobil Multi 60 GB";"Ja";"20210204"
"VATI OF SWEDEN, AB";"5591796692";" 0730842065";"Telia Jobbmobil Multi 30 GB";"Ja";"20210211"
"VENTILERA & MONTERA I UPPSALA, AB";"5591903033";" 0707725769";"Jobbmobil Multi 10 GB MFA";"Ja";"20210130"
"ZEAB ELPRODUKTER, S-E";"5562124023";" 0703704721";"Jobbmobil Multi 60 GB MFA";"Nej";" "
"ÄNGELHOLMS GOLFRESTAURANG, AB";"5592046444";" 0709594090";"Telia Jobbmobil Multi 10 GB";"Ja";"20220227"
"MG-SERVICE, MATS GJERS, AB";"5564156239";" 0703974999";"Jobbmobil Obegränsad Osub MFA";"Ja";"20201219"
"AVAITEC, AB";"5567675763";" 0733841440";"Jobbmobil Multi 10 GB Osub";"Ja";"20210527"
"AVAITEC, AB";"5567675763";" 0763639946";"Telia Jobbmobil Multi 30 GB";"Ja";"20220127"
"BILLET COMMUNICATION, AB";"5591310429";" 0706815508";"Jobbmobil 15 GB";"Ja";"20211229"
"HÄGGEBORNS SKOGSTJÄNST, AB";"5591619472";" 0730578818";"Jobbmobil 25 GB";"Ja";"20220630"
"MAYOL STUDIO, AB";"5590282132";" 0737148728";"Jobbmobil 15 GB";"Ja";"20220502"
"MÄLARDALENS GRAVVÅRDAR, AB";"5563149755";" 0702633588";"Telia Jobbmobil Multi 30 GB";"Nej";" "
"MÄLARDALENS GRAVVÅRDAR, AB";"5563149755";" 0704391987";"Telia Jobbmobil Multi 30 GB";"Nej";" "
"MÄLARDALENS GRAVVÅRDAR, AB";"5563149755";" 0727406044";"Telia Jobbmobil Multi 30 GB";"Nej";" "
"NYA MALMSTRÖM PLÅT OCH VENTILATION, AB";"5564753860";" 0705340696";"Jobbmobil Multi 10 GB MFAOsub";"Ja";"20220406"
"Original Global Art, AB";"5566415971";" 0733925577";"Telia Jobbmobil Multi 30 GB";"Ja";"20210310"
"PÅVAGÅRDENS GRÄV- & ENTREPRENAD, AB";"5567305221";" 0706602091";"Jobbmobil Multi 2 GB Osub";"Ja";"20220430"
"QDC FÖRBÄTTRINGSKONSULT, AB";"5566927967";" 0703105481";"Jobbmobil Multi 10 GB MFAOsub";"Ja";"20220220"
"TANTIVE, AB";"5567198089";" 0702130850";"Jobbmobil Multi 20 GB TFA";"Nej";" "
"THOMMY M VENT, AB";"5566478342";" 0706222181";"Jobbmobil Multi 10 GB Osub";"Ja";"20211123"
"VÄXTINREDNINGSGRUPPEN I ÖREBRO, AB";"5569272411";" 0704214900";"Jobbmobil Multi 10 GB MFA";"Ja";"20220210"
"VÄXTINREDNINGSGRUPPEN I ÖREBRO, AB";"5569272411";" 0704214900";"Jobbmobil Multi 10 GB MFA";"Ja";"20220210"
"ART PIPING I KALIX, AB";"5568451172";" 0705754825";"Telia Jobbmobil Multi 10 GB";"Nej";" "
"CREATEWA, AB";"5569828147";" 0708159238";"Jobbmobil Multi 10 GB Osub";"Ja";"20211021"
"EBM FYNDUTBUDET, AB";"5568749807";" 0727348014";"Jobbmobil Multi 30 GB MFA";"Ja";"20220807"
"EBM FYNDUTBUDET, AB";"5568749807";" 0739301559";"Jobbmobil Multi 30 GB MFA";"Ja";"20220807"
"EBM FYNDUTBUDET, AB";"5568749807";" 0768334304";"Jobbmobil Multi 30 GB MFA";"Ja";"20220810"
"EBM FYNDUTBUDET, AB";"5568749807";" 0702821149";"Jobbmobil Multi 30 GB MFA";"Ja";"20220516"
"NIER, AB";"5590296371";" 0702165660";"Jobbmobil 3 GB";"Ja";"20220513"
"SMASAB, AB";"5568068695";" 0703793868";"Telia Jobbmobil Multi 30 GB";"Ja";"20210224"
"SOFIA JEMTHANS, AB";"5562599836";" 0705462519";"Jobbmobil 15 GB";"Ja";"20230515"
"SOFIA JEMTHANS, AB";"5562599836";" 0705462519";"Jobbmobil 15 GB";"Ja";"20230515"
"T. PERNIUS TRANSPORT, AB";"5569536237";" 0706344891";"Telia Mobil 30 GB";"Nej";" "
"ÖRJAN MAGNUSSON PSYKOLOGKONSULT, AB";"5567616890";" 0703330851";"Jobbmobil Multi 30 GB MFA";"Nej";" "
"BERGSTRÖM WALÉN, AB";"5567681076";" 0708851243";"Jobbmobil Multi 60 GB MFA";"Nej";" "
"CRAWFORD-CURRIE COMMUNICATION, AB";"5567443790";" 0703268833";"Jobbmobil Multi 10 GB MFA";"Ja";"20211103"
"DALA SAMREV REVISIONSBYRÅ, AB";"5563179232";" 0703146350";"Jobbmobil Multi 20 GB TFA";"Ja";"20210409"
"DALA SAMREV REVISIONSBYRÅ, AB";"5563179232";" 0703303524";"Jobbmobil Multi 20 GB TFA";"Ja";"20210628"
"DALA SAMREV REVISIONSBYRÅ, AB";"5563179232";" 0725371534";"Jobbmobil Multi 5 GB TFA";"Nej";" "
"MK BYGG I VÄST, AB";"5591495881";" 0706169109";"Jobbmobil 15 GB MFA";"Ja";"20230706"
"MAIFA, AB";"5569901266";" 0739823008";"Jobbmobil Multi 10 GB Osub";"Ja";"20210605"
"MALMFÄLTENS FÖRETAGSSERVICE, AB";"5591585004";" 0706111528";"Jobbmobil Multi 10 GB Osub";"Ja";"20220120"
"O2 KOMMUNIKATION, AB";"5569757221";" 0706770525";"Telia Jobbmobil Multi 10 GB";"Nej";" "
"Phototeam i Linköping, AB";"5562907047";" 0705160075";"Jobbmobil Multi 30 GB MFA";"Nej";" "
"Phototeam i Linköping, AB";"5562907047";" 0705160075";"Jobbmobil Multi 30 GB MFA";"Nej";" "
"PRIVERO EKONOMI, AB";"5567096549";" 0738030522";"Jobbmobil Multi 30 GB MFA";"Ja";"20220621"
"PRIVERO EKONOMI, AB";"5567096549";" 0738030522";"Jobbmobil Multi 30 GB MFA";"Ja";"20220621"
"SIGN OFFICE SVERIGE, AB";"5567247563";" 0706811514";"Jobbmobil Multi 10 GB MFA";"Ja";"20211029"
"SPORTOPTIMA, AB";"5568549256";" 0705927067";"Jobbmobil Multi 1 GB TFA";"Ja";"20210710"
"T VIDBÄCKS ENTREPRENAD, AB";"5568920788";" 0706930230";"Jobbmobil Multi 5 GB";"Nej";" "
"T VIDBÄCKS ENTREPRENAD, AB";"5568920788";" 0706934444";"Jobbmobil Multi 50 GB";"Nej";" "
"TRICORDIA, AB";"5562453448";" 0706387810";"Jobbmobil Multi 1 GB TFA";"Nej";" "
"TRICORDIA, AB";"5562453448";" 0733450054";"Jobbmobil Multi 50 GB TFA";"Nej";" "
"WILLEGARD MARKNADSFÖRING, AB";"5569379224";" 0707666350";"Telia Jobbmobil Multi 30 GB";"Ja";"20220518"
"10-TEN GLOBAL MEDIA, AB";"5565455028";" 0708617636";"Jobbmobil Multi 120GB MFA Osub";"Ja";"20210310"
"10-TEN GLOBAL MEDIA, AB";"5565455028";" 0708780728";"Jobbmobil Multi 120GB MFA Osub";"Ja";"20210310"
"HELEN SOOVIK, AB";"5568752801";" 0704832132";"Jobbmobil Obegränsad";"Ja";"20211105"
"HELEN SOOVIK, AB";"5568752801";" 0704832132";"Jobbmobil Obegränsad";"Ja";"20211105"
"JOHAN LINDAHL, AB";"5590963541";" 0725716419";"Jobbmobil Multi 30 GB MFA";"Ja";"20211014"
"KRISTINEHAMNS BOKFÖRINGSBYRÅ, AB";"5561116293";" 0706192108";"Jobbmobil Multi 10 GB MFAOsub";"Ja";"20210227"
"LEKANDERS GOURMET, AB";"5590578828";" 0704321840";"Telia Kontantkort";"Nej";" "
"MATS BRODIN FÖRVALTNING, AB";"5563697415";" 0705227840";"Telia Jobbmobil Multi 2 GB";"Nej";" "
"MATS BRODIN FÖRVALTNING, AB";"5563697415";" 0702127300";"Telia Jobbmobil Multi 30 GB";"Nej";" "
"NRJ FASTIGHETSTEKNIK, AB";"5566763438";" 0702524267";"Jobbmobil Multi 30 GB MFA Osub";"Ja";"20210904"
"ROCKRES, AB";"5568147226";" 0733781606";"Jobbmobil Obegränsad";"Nej";" "
"STEFAN EK FOTOGRAF, AB";"5565294237";" 0705841901";"Telia Jobbmobil Multi 10 GB";"Ja";"20211101"
"STEFAN EK FOTOGRAF, AB";"5565294237";" 0705841901";"Telia Jobbmobil Multi 10 GB";"Ja";"20211101"
"STIG BRANDT, AB";"5568775430";" 0705107972";"Jobbmobil Multi 2 GB Osub";"Ja";"20210827"
"THE POPPING COMPANY, AB";"5566796065";" 0708514949";"Jobbmobil Multi 120 GB MFA";"Ja";"20210526"
"THE POPPING COMPANY, AB";"5566796065";" 0708514940";"Jobbmobil Obegränsad MFA";"Ja";"20211219"
"ENK. FASTIGHETER, AB";"5566082581";" 0706408874";"Jobbmobil Multi 10 GB MFA";"Nej";" "
"ENK. FASTIGHETER, AB";"5566082581";" 0705926204";"Jobbmobil Multi 10 GB MFA";"Nej";" "
"ENK. FASTIGHETER, AB";"5566082581";" 0706408874";"Jobbmobil Multi 10 GB MFA";"Nej";" "
"GELEANO, AB";"5563470334";" 0708402727";"Jobbmobil 40 GB";"Ja";"20220925"
"GELEANO, AB";"5563470334";" 0708802720";"Jobbmobil 40 GB";"Ja";"20220925"
"GETUNA KONSULT, AB";"5566228382";" 0706259012";"Telia Jobbmobil Multi 30 GB";"Ja";"20210320"
"GETUNA KONSULT, AB";"5566228382";" 0706259012";"Telia Jobbmobil Multi 30 GB";"Ja";"20210320"
"KPR PRESENT, AB";"5567263933";" 0707962522";"Jobbmobil Multi 10 GB MFA";"Nej";" "
"KONSULTBYRÅN I SÖDERTÄLJE, AB";"5562672559";" 0705914015";"Jobbmobil Multi 30 GB MFA";"Ja";"20210402"
"KONSULTBYRÅN I SÖDERTÄLJE, AB";"5562672559";" 0708345424";"Jobbmobil Multi 30 GB MFA";"Ja";"20210402"
"KONSULTBYRÅN I SÖDERTÄLJE, AB";"5562672559";" 0705914015";"Jobbmobil Multi 30 GB MFA";"Ja";"20210402"
"LBA ELBESIKTNING, AB";"5564386414";" 0706244953";"Jobbmobil Multi 30 GB Osub";"Ja";"20211018"
"LBA ELBESIKTNING, AB";"5564386414";" 0706244953";"Jobbmobil Multi 30 GB Osub";"Ja";"20211018"
"LONES FAIR FASHION, AB";"5569265688";" 0702474655";"Jobbmobil Multi 5 GB MFA Osub";"Ja";"20210926"
"LONES FAIR FASHION, AB";"5569265688";" 0702474655";"Jobbmobil Multi 5 GB MFA Osub";"Ja";"20210926"
"MAKSI-SPRINKLER, AB";"5591535207";" 0701318976";"Jobbmobil Obegränsad MFA";"Ja";"20230616"
"MAMMUTHUS, AB";"5568400153";" 0705591765";"Telia Kontantkort";"Nej";" "
"MOMENT OF TRUTH, AB";"5566181367";" 0703500745";"Jobbmobil Multi 10 GB MFA";"Ja";"20220521"
"TORSEKE INGENJÖRSBYRÅ, AB";"5564120037";" 0706254540";"Jobbmobil Multi 10 GB MFA";"Ja";"20220411"
"DAHLSTRÖM OCH TORGNER, AB";"5563766319";" 0706423955";"Jobbmobil Multi 10 GB MFA";"Ja";"20201209"
"EKSTEDTS RÖRMONTAGE, AB";"5569097982";" 0727260210";"Telia Jobbmobil Multi 120 GB";"Ja";"20220107"
"KYLINSTALLATIONER RINHAMMAR & SON, AB";"5561806885";" 0706397773";"Telia Jobbmobil Bas";"Nej";" "
"LUDVIGSSON MOVEMENT, AB";"5569477200";" 0705804222";"Jobbmobil 40 GB Osub";"Ja";"20210123"
"SUNE PETTERSSON FINANS, AB";"5563812014";" 0730912614";"Jobbmobil Multi 60 GB MFA";"Nej";" "
"SUNE PETTERSSON FINANS, AB";"5563812014";" 0730912614";"Jobbmobil Multi 60 GB MFA";"Nej";" "
"RARUS, AB";"5591469696";" 0727202778";"Telia Jobbmobil Multi 30 GB";"Ja";"20210515"
"RESOLVATOR AB";"5562339761";" 0706916663";"Jobbmobil Multi 2 GB MFA";"Ja";"20220207"
"RESOLVATOR AB";"5562339761";" 0738142071";"Jobbmobil Bas MFA";"Ja";"20221119"
"RESOLVATOR AB";"5562339761";" 0738436736";"Jobbmobil Bas MFA";"Ja";"20221119"
"RESOLVATOR AB";"5562339761";" 0738446145";"Jobbmobil Bas MFA";"Ja";"20221119"
"SIFFERART, AB";"5566475298";" 0767952240";"Jobbmobil Multi 10 GB MFA";"Ja";"20220610"
"SIFFERART, AB";"5566475298";" 0767991213";"Jobbmobil Multi 10 GB MFA";"Ja";"20220610"
"ASON VÄRMEPUMPAR, AB";"5565433322";" 0733279570";"Jobbmobil Multi 1 GB TFA";"Ja";"20210404"
"EQDIS, AB";"5569777344";" 0706324207";"Jobbmobil Multi 30 GB MFA Osub";"Ja";"20211014"
"EQDIS, AB";"5569777344";" 0706324207";"Jobbmobil Multi 30 GB MFA Osub";"Ja";"20211014"
"KROKOMSPORTEN, AB";"5563586972";" 0705578884";"Telia Jobbmobil Multi 10 GB";"Ja";"20201210"
"MAGENDA EKONOMI & KONSULTATION, AB";"5566585625";" 0702510740";"Jobbmobil Multi 30 GB MFA";"Ja";"20210915"
"MAGENDA EKONOMI & KONSULTATION, AB";"5566585625";" 0702243775";"Jobbmobil Multi 30 GB MFA";"Ja";"20210317"
"MATS PALMBORG TAXI, AB";"5566396510";" 0706766100";"Telia Jobbmobil Multi 2 GB";"Ja";"20211128"
"MÄRSTA TAXAMETERSERVICE, AB";"5563447456";" 0706448022";"Jobbmobil Multi 2 GB MFA Osub";"Ja";"20220313"
"MÄRSTA TAXAMETERSERVICE, AB";"5563447456";" 0706329414";"Jobbmobil Multi 10 GB MFA";"Ja";"20210830"
"RED TOWER CONSULTING, AB";"5569894909";" 0709116484";"Jobbmobil Multi 10 GB MFAOsub";"Ja";"20221110"
"RED TOWER CONSULTING, AB";"5569894909";" 0722428225";"Jobbmobil Bas MFA";"Ja";"20220820"
"SKADESERVICE VÄST, AB";"5590447891";" 0702758846";"Jobbmobil 15 GB Osub";"Ja";"20220609"
"STEFAN NIEMINEN,, AB";"5568832728";" 0703895317";"Telia Jobbmobil Multi 10 GB";"Ja";"20210520"
"CONEKEN EKENBERG CONSULTING, AB";"5590154141";" 0703422852";"Telia Jobbmobil Multi 10 GB";"Ja";"20211004"
"JURIDISK BYRÅ LINDHOLM & PARTNERS SKÅNE";"5591332407";" 0704548100";"Telia Jobbmobil Multi 30 GB";"Nej";" "
"MY LAURELL, AB";"5565343182";" 0706522279";"Jobbmobil Multi 10 GB Osub";"Ja";"20210225"
"PA NORDÉN O CO, AB";"5565005310";" 0705643847";"Jobbmobil Multi 1 GB TFA";"Nej";" "
"PA NORDÉN O CO, AB";"5565005310";" 0706566043";"Jobbmobil Bas TFA";"Nej";" "
"PELLES PHOTO, AB";"5564156189";" 0705590160";"Jobbmobil Multi 10 GB MFAOsub";"Ja";"20221130"
"PELLES PHOTO, AB";"5564156189";" 0705590160";"Jobbmobil Multi 10 GB MFAOsub";"Ja";"20221130"
"PESHANG ABDUL, AB";"5590106695";" 0739843040";"Jobbmobil Multi 30 GB MFA";"Nej";" "
"PESHANG ABDUL, AB";"5590106695";" 0705597627";"Jobbmobil Multi 30 GB MFA";"Nej";" "
"PLAGG & DESIGN I MÖLNDAL, AB";"5568771280";" 0703017451";"Jobbmobil Multi 30 GB MFA";"Ja";"20210712"
"RUSH NINE, AB";"5591906051";" 0767621064";"Jobbmobil Multi 10 GB Osub";"Ja";"20211021"
"VBR ENTREPRENAD, AB";"5568959695";" 0739837470";"Jobbmobil Obegränsad";"Ja";"20211031"
"ADDED BY C HR PARTNER, AB";"5591766695";" 0703172265";"Telia Jobbmobil Multi 10 GB";"Nej";" "
"ADVOKAT PER ALLOCCO, AB";"5567570246";" 0704633120";"Jobbmobil 40 GB Osub MFA";"Ja";"20210213"
"BARKENHÄLSAN, AB";"5568547664";" 0706588286";"Jobbmobil Multi 30 GB MFA";"Ja";"20220222"
"BARKENHÄLSAN, AB";"5568547664";" 0705273701";"Jobbmobil Multi 2 GB MFA";"Nej";" "
"BENGT GUSTAVSSONS ÅKERI";"5563254837";" 0702438904";"Jobbmobil Mix";"Nej";" "
"BJ ENTREPRENAD & MASKINSERVICE AB";"5590590245";" 0730937453";"Jobbmobil 15 GB MFA";"Ja";"20231027"
"CECILIA KARLSTEDT CONSULTING, AB";"5566295688";" 0706176697";"Jobbmobil Multi 30 GB MFA Osub";"Ja";"20210907"
"CECILIA KARLSTEDT CONSULTING, AB";"5566295688";" 0702235305";"Jobbmobil Multi 30 GB MFA Osub";"Ja";"20210907"
"GOPROFESSIONAL SWEDEN, AB";"5569457723";" 0763183873";"Jobbmobil Obegränsad";"Ja";"20221126"
"GOPROFESSIONAL SWEDEN, AB";"5569457723";" 0735078174";"Jobbmobil 40 GB";"Ja";"20221123"
"FORM DESIGN SCANDINAVIA, AB";"5567349880";" 0761467671";"Jobbmobil Multi 20 GB TFA";"Ja";"20210307"
"FORM DESIGN SCANDINAVIA, AB";"5567349880";" 0761467671";"Jobbmobil Multi 20 GB TFA";"Ja";"20210307"
"FORM DESIGN SCANDINAVIA, AB";"5567349880";" 0761467671";"Jobbmobil Multi 20 GB TFA";"Ja";"20210307"
"HEDEMORA SLÄPVAGNSSERVICE, AB";"5565437539";" 0708776014";"Jobbmobil Multi 30 GB MFA Osub";"Ja";"20221126"
"HEDEMORA SLÄPVAGNSSERVICE, AB";"5565437539";" 0706213566";"Jobbmobil Multi 30 GB MFA Osub";"Ja";"20210724"
"HEDEMORA SLÄPVAGNSSERVICE, AB";"5565437539";" 0708776014";"Jobbmobil Multi 30 GB MFA Osub";"Ja";"20221126"
"I.T.A.J. GROUP, AB";"5569906398";" 0736356740";"Telia Jobbmobil Multi 30 GB";"Ja";"20210210"
"I.T.A.J. GROUP, AB";"5569906398";" 0736356740";"Telia Jobbmobil Multi 30 GB";"Ja";"20210210"
"JH:S EL & STÄLLVERK I LINKÖPING, AB";"5591905236";" 0703825806";"Jobbmobil 40 GB MFA";"Ja";"20210227"
"JOCKES GOLV I ÖVIK, AB";"5568358609";" 0709398289";"Jobbmobil 120 GB MFA";"Ja";"20220701"
"KRISTOFER LÖNNÅ PRODUKTION, AB";"5568423221";" 0705550809";"Telia Jobbmobil Multi 10 GB";"Ja";"20210922"
"MAGGIE OCH LARS-INGE OLSSON, AB";"5563884609";" 0706650075";"Jobbmobil Obegränsad Osub";"Ja";"20220611"
"MARTIN ZETTERLUND, AB";"5569308785";" 0736400464";"Jobbmobil 15 GB";"Ja";"20221203"
"PROVALTOR, AB";"5591020812";" 0706676056";"Jobbmobil 25 GB MFA";"Ja";"20230525"
"SINKADUS HOLDING, AB";"5561276915";" 0706540340";"Jobbmobil Multi 20 GB TFA";"Nej";" "
"VVS-KONSULT KÖPING, AB";"5563010551";" 0706720915";"Jobbmobil Multi 10 GB MFA";"Ja";"20210717"
"BLUE M CONSULTING, AB";"5590585658";" 0705502345";"Jobbmobil 15 GB";"Ja";"20220622"
"BONBIO, AB";"5569094799";" 0730717912";"Jobbmobil Multi 5 GB";"Nej";" "
"BONBIO, AB";"5569094799";" 0761339711";"Jobbmobil Multi 5 GB";"Ja";"20210507"
"CAVALLIN MEDIA, AB";"5566620752";" 0706409358";"Jobbmobil Multi 10 GB MFAOsub";"Ja";"20210628"
"CAVALLIN MEDIA, AB";"5566620752";" 0730619907";"Jobbmobil Multi 10 GB MFAOsub";"Ja";"20210628"
"DIREKTÖR WIGG REKLAMBYRÅ, AB";"5567084628";" 0706523161";"Telia Jobbmobil Multi 30 GB";"Ja";"20211115"
"DIREKTÖR WIGG REKLAMBYRÅ, AB";"5567084628";" 0706523161";"Telia Jobbmobil Multi 30 GB";"Ja";"20211115"
"ECONIUM, AB";"5590033600";" 0706518125";"Jobbmobil Obegränsad";"Ja";"20220222"
"ECONIUM, AB";"5590033600";" 0706518125";"Jobbmobil Obegränsad";"Ja";"20220222"
"FJELLHELI, AB";"5591623565";" 0705572858";"Telia Jobbmobil Multi 30 GB";"Nej";" "
"FOAM COMPANY, AB";"5567036487";" 0703137899";"Jobbmobil 15 GB MFA";"Ja";"20231006"
"GUNNAR LAURSEN, AB";"5561934091";" 0708380312";"Jobbmobil Multi 30 GB MFA Osub";"Nej";" "
"KLIPPAN TECHNOLOGY, AB";"5569683989";" 0709842008";"Jobbmobil 40 GB Osub MFA";"Ja";"20221130"
"KONFERENT, AB";"5566039326";" 0706630077";"Jobbmobil 15 GB MFA";"Ja";"20220911"
"KONFERENT, AB";"5566039326";" 0706630077";"Jobbmobil 15 GB MFA";"Ja";"20220911"
"KORRELAT LEGAL ENGLISH, AB";"5567676399";" 0702621245";"Jobbmobil Multi 30 GB Osub";"Ja";"20211101"
"KORRELAT LEGAL ENGLISH, AB";"5567676399";" 0702621245";"Jobbmobil Multi 30 GB Osub";"Ja";"20211101"
"LINDA ERLANDSSON TRAV OCH MEDIA, AB";"5566291778";" 0702305427";"Jobbmobil Multi 120 GB MFA";"Ja";"20210613"
"LINDA ERLANDSSON TRAV OCH MEDIA, AB";"5566291778";" 0702305427";"Jobbmobil Multi 120 GB MFA";"Ja";"20210613"
"LJUSGÅRDA AB (PUBL)";"5591135321";" 0704313492";"Jobbmobil 15 GB MFA";"Ja";"20221008"
"LUX LIKE, AB";"5568552359";" 0722231866";"Telia Jobbmobil Multi 30 GB";"Ja";"20210102"
"MATS JOHANSSON KONSULT, AB";"5569406787";" 0703101925";"Telia Jobbmobil Multi 10 GB";"Ja";"20220319"
"XPANDIA, AB";"5567257596";" 0704965529";"Jobbmobil Obegränsad MFA";"Ja";"20221123"
"XPANDIA, AB";"5567257596";" 0705141124";"Jobbmobil Obegränsad MFA";"Ja";"20210214"
"GELSER CREATIVE, AB";"5591207278";" 0727280199";"Jobbmobil 40 GB";"Ja";"20221002"
"ASCON ANDREAS STENBERG CONSULTING, AB";"5568562606";" 0705536655";"Jobbmobil Multi 10 GB MFAOsub";"Ja";"20220821"
"C. NÄSSTRÖM EKONOMIKONSULT, AB";"5566788617";" 0704400463";"Jobbmobil Multi 30 GB MFA";"Nej";" "
"CBK I ABC-LÄN, AB";"5564135852";" 0734255288";"Jobbmobil Multi 10 GB MFA";"Nej";" "
"DALA PERFORMANCE, AB";"5568960248";" 0730543402";"Jobbmobil Multi 60 GB MFA";"Ja";"20210827"
"DALA PERFORMANCE, AB";"5568960248";" 0709622832";"Jobbmobil Multi 120 GB MFA";"Nej";" "
"DR PERKOVIC SPECIALISTLÄKARMOTTAGNING AB";"5564791811";" 0733234617";"Jobbmobil 40 GB Osub MFA";"Ja";"20221123"
"DR PERKOVIC SPECIALISTLÄKARMOTTAGNING AB";"5564791811";" 0730874089";"Jobbmobil 40 GB Osub MFA";"Ja";"20221123"
"DR PERKOVIC SPECIALISTLÄKARMOTTAGNING AB";"5564791811";" 0730593438";"Jobbmobil 40 GB Osub MFA";"Ja";"20221125"
"EDVINZON & JEDBERGER EKONOMIKONSULTER AB";"5568689748";" 0709265206";"Jobbmobil Multi 10 GB Osub";"Ja";"20210108"
"EDVINZON & JEDBERGER EKONOMIKONSULTER AB";"5568689748";" 0709265206";"Jobbmobil Multi 10 GB Osub";"Ja";"20210108"
"HELCA STOCKHOLM, AB";"5567625412";" 0708631462";"Jobbmobil Obegränsad MFA";"Ja";"20210126"
"KVILLE FÖRVALTNING, AB";"5569733164";" 0703645930";"Jobbmobil Multi 10 GB MFAOsub";"Ja";"20210902"
"KVILLE FÖRVALTNING, AB";"5569733164";" 0707424150";"Jobbmobil Multi 10 GB MFAOsub";"Ja";"20210902"
"LJUNGSKILE RÖR & MONTAGE, AB";"5566401153";" 0705515928";"Telia Kontantkort";"Nej";" "
"PETITE ANNA VARGAS, AB";"5568277056";" 0768324120";"Telia Jobbmobil Multi 2 GB";"Nej";" "
"PETITE ANNA VARGAS, AB";"5568277056";" 0705509901";"Telia Jobbmobil Multi 30 GB";"Ja";"20201221"
"SLÖINGE BIL & BENSIN, AB";"5566384359";" 0733647773";"Jobbmobil Multi 30 GB MFA";"Ja";"20211218"
"SUNDELLS ENTREPRENAD OCH KROSS, AB";"5591030118";" 0730840068";"Jobbmobil Obegränsad";"Ja";"20211216"
"TORSLANDA FORDONSKYLA & SERVICE, AB";"5567776819";" 0703925031";"Jobbmobil Multi 10 GB Osub";"Ja";"20211129"
"TORSLANDA FORDONSKYLA & SERVICE, AB";"5567776819";" 0703925031";"Jobbmobil Multi 10 GB Osub";"Ja";"20211129"
"ADVOKAT ARNE NORDBÅGE, AB";"5564797826";" 0708724333";"Jobbmobil Rörlig TFA 110322";"Nej";" "
"ADVOKAT ARNE NORDBÅGE, AB";"5564797826";" 0708109483";"Jobbmobil Rörlig TFA 110322";"Nej";" "
"ADVOKAT ARNE NORDBÅGE, AB";"5564797826";" 0703756882";"Jobbmobil Bas TFA";"Nej";" "
"ADVOKAT ARNE NORDBÅGE, AB";"5564797826";" 0703756398";"Jobbmobil Bas TFA";"Nej";" "
"ALMHEM CONSULTING, AB";"5565436788";" 0704180009";"Paus Avtal";"Nej";" "
"ALMHEM CONSULTING, AB";"5565436788";" 0704180002";"Jobbmobil Multi 30 GB MFA Osub";"Ja";"20220403"
"ALMHEM CONSULTING, AB";"5565436788";" 0704180000";"Jobbmobil Multi 30 GB MFA Osub";"Ja";"20220403"
"ALMHEM CONSULTING, AB";"5565436788";" 0704180004";"Paus Avtal";"Nej";" "
"ALMHEM CONSULTING, AB";"5565436788";" 0704180005";"Paus Avtal";"Nej";" "
"ALMHEM CONSULTING, AB";"5565436788";" 0704180006";"Paus Avtal";"Nej";" "
"ALMHEM CONSULTING, AB";"5565436788";" 0704180007";"Paus Avtal";"Nej";" "
"ALMHEM CONSULTING, AB";"5565436788";" 0704180008";"Paus Avtal";"Nej";" "
"ALMHEM CONSULTING, AB";"5565436788";" 0704180001";"Paus Avtal";"Nej";" "
"FARANDOLE COMMUNICATIONS, AB";"5566998232";" 0706432780";"Jobbmobil Multi 10 GB MFA";"Nej";" "
"FARANDOLE COMMUNICATIONS, AB";"5566998232";" 0705589868";"Jobbmobil Multi 10 GB MFA";"Ja";"20220312"
"FUTURE FRIDAYS LINDA WASELL, AB";"5592143670";" 0706747474";"Jobbmobil 25 GB";"Nej";" "
"ROTSTEIN ARKITEKTER, AB";"5565467239";" 0708339270";"Jobbmobil Multi 10 GB MFAOsub";"Ja";"20210315"
"SMEDJANHUSET, AB";"5567425524";" 0705854856";"Telia Jobbmobil Multi 30 GB";"Nej";" "
"SQUASH REKLAM & PROMOTION, AB";"5567235410";" 0708523200";"Jobbmobil Multi 5 GB TFA";"Nej";" "
"SQUASH REKLAM & PROMOTION, AB";"5567235410";" 0708523200";"Jobbmobil Multi 5 GB TFA";"Nej";" "
"SVERNHAGE BYGGLEDNING, AB";"5565096145";" 0705879840";"Jobbmobil Multi 30 GB MFA Osub";"Ja";"20211009"
"SVERNHAGE BYGGLEDNING, AB";"5565096145";" 0706745945";"Jobbmobil Multi 30 GB MFA Osub";"Ja";"20211009"
"VALDON I VÄNERSBORG, AB";"5590764105";" 0738424660";"Telia Kontantkort";"Nej";" "
"VISION IN SIGHT AE, AB";"5591359517";" 0732519121";"Telia Jobbmobil Multi 10 GB";"Ja";"20210323"
"BJELKEBRÄCKA FASTIGHETS, AB";"5564409844";" 0703252764";"Jobbmobil 1 GB";"Nej";" "
"ENERKON VVS-TEKNIK, AB";"5562186089";" 0707970184";"Jobbmobil Multi 10 GB MFA";"Ja";"20220121"
"ENERKON VVS-TEKNIK, AB";"5562186089";" 0707970185";"Jobbmobil Multi 10 GB MFA";"Ja";"20220121"
"JLW STOCKHOLM, AB";"5591505663";" 0768029417";"Telia Jobbmobil Multi 30 GB";"Ja";"20210117"
"JONNA BORNEMARK, AB";"5592087869";" 0703666966";"Jobbmobil Multi 10 GB Osub";"Ja";"20220122"
"KITAB GRYTHYTTAN, AB";"5564550548";" 0722249906";"Telia Jobbmobil Multi 30 GB";"Ja";"20210504"
"LILLPITE KRAFT, AB";"5562184928";" 0706679616";"Jobbmobil Bas TFA";"Nej";" "
"MÖCKLAMO MÅLERI, AB";"5591097026";" 0706485785";"Jobbmobil Multi 10 GB MFAOsub";"Ja";"20211021"
"SKYLTART I GÖTEBORG, AB";"5565480968";" 0708955720";"Telia Jobbmobil Multi 30 GB";"Ja";"20210604"
"SLAGNÄS CAMPING & STUGBY, AB";"5591092019";" 0730604334";"Jobbmobil Obegränsad MFA";"Nej";" "
"WIKSTENS DATORER & SERVICE, AB";"5567766729";" 0706880457";"Jobbmobil Multi 10 GB Osub";"Ja";"20220120"
"WISEWOOD CONSULTING, AB";"5568074073";" 0705307550";"Jobbmobil Multi 30 GB MFA";"Ja";"20210109"
"WLAZLO BYGG, AB";"5564825809";" 0706256598";"Jobbmobil Multi 20 GB TFA";"Nej";" "
"BOVIBO,, AB";"5568812936";" 0706393292";"Jobbmobil Multi 30 GB MFA";"Ja";"20210323"
"AVIOR, AB";"5568773997";" 0737660411";"Telia Jobbmobil Mix 120924";"Nej";" "
"GORAN B FASTIGHET, AB";"5591429526";" 0702497588";"Jobbmobil Multi 30 GB MFA";"Ja";"20210226"
"J.HARALDSON, AB";"5569693491";" 0738154629";"Jobbmobil Obegränsad MFA";"Ja";"20210613"
"JIAOZI BAR I NORDMALING, AB";"5590803697";" 0722018524";"Telia Kontantkort";"Nej";" "
"MAGNUS ÖSTRÖM MUSIK & MEDIA, AB";"5565756375";" 0707953104";"Telia Jobbmobil Multi 30 GB";"Nej";" "
"NILS TÄGTSTEN I FALUN, AB";"5561788018";" 0706256688";"Jobbmobil Multi 2 GB MFA";"Ja";"20210813"
"PB KONSULT I KARLSKOGA, AB";"5567395792";" 0706738407";"Telia Jobbmobil Multi 10 GB";"Ja";"20210405"
"RBDEKONOMI, AB";"5568803026";" 0703241459";"Jobbmobil Bas TFA";"Nej";" "
"RBDEKONOMI, AB";"5568803026";" 0703241459";"Jobbmobil Bas TFA";"Nej";" "
"SMEDSTORPS FASTIGHETS, AB";"5563477149";" 0708826253";"Telia Jobbmobil Multi 30 GB";"Nej";" "
"STOCKHOLMS MEDICINSKA FOTKLINIK, AB";"5569448755";" 0762479724";"Jobbmobil 40 GB";"Ja";"20220828"
"STOCKHOLMS MEDICINSKA FOTKLINIK, AB";"5569448755";" 0762479724";"Jobbmobil 40 GB";"Ja";"20220828"
"SYDSPOL INDUSTRIER, AB";"5567309215";" 0709141516";"Telia Jobbmobil Multi 10 GB";"Nej";" "
"TOMMY HEDMAN ELMONTAGE, AB";"5569224784";" 0706481774";"Jobbmobil Multi 20 GB TFA";"Ja";"20211024"
"VR PLÅTSLAGERI, AB";"5590661244";" 0735898685";"Telia Jobbmobil Multi 30 GB";"Nej";" "
"VOLITO AVIATION SERVICES, AB";"5590535364";" 0706917011";"Jobbmobil Multi 20 GB TFA";"Nej";" "
"VOLITO AVIATION SERVICES, AB";"5590535364";" 0705801122";"Jobbmobil Multi 50 GB TFA";"Nej";" "
"SAVALL,, AB";"5560635798";" 0706734551";"Jobbmobil 15 GB";"Ja";"20221113"
"ALMBY REDOVISNING, AB";"5590941711";" 0768295197";"Jobbmobil 15 GB";"Ja";"20211217"
"BE THE DIFFERENCE BUSINESS PARTNER I SVE";"5590447222";" 0730863566";"Jobbmobil Multi 30 GB MFA";"Ja";"20210722"
"BE THE DIFFERENCE BUSINESS PARTNER I SVE";"5590447222";" 0706653302";"Jobbmobil Multi 10 GB MFA";"Ja";"20210109"
"BELLKOM DEVELOPMENT, AB";"5567187355";" 0706017557";"Jobbmobil Multi 30 GB MFA";"Ja";"20220626"
"BELLKOM DEVELOPMENT, AB";"5567187355";" 0706017557";"Jobbmobil Multi 30 GB MFA";"Ja";"20220626"
"BERNT ARNESSON & SON ÅKERI, AB";"5569739435";" 0706089400";"Jobbmobil Multi 10 GB";"Ja";"20210104"
"CE BROKER, AB";"5591396956";" 0730733244";"Jobbmobil Multi 30 GB MFA";"Ja";"20211004"
"CILLA RÖRBY, AB";"5568886690";" 0707620989";"Telia Jobbmobil Multi 10 GB";"Ja";"20220430"
"EASTMED CONSULTING, AB";"5568531601";" 0721837537";"Telia Jobbmobil Multi 60 GB";"Nej";" "
"EUNIL, AB";"5591737506";" 0702701369";"Jobbmobil Multi 60 GB MFA Osub";"Ja";"20201210"
"INSIDAN & UTSIDAN I KIRUNA, AB";"5590271689";" 0730688650";"Telia Jobbmobil Multi 60 GB";"Nej";" "
"JSD KOMMUNIKATION, AB";"5591768261";" 0761966656";"Telia Jobbmobil Multi 10 GB";"Nej";" "
"LISAM, AB";"5591211114";" 0706993828";"Telia Jobbmobil Multi 10 GB";"Ja";"20220204"
"LARS WALLIN, AB";"5568005192";" 0736963604";"Telia Jobbmobil Multi 30 GB";"Nej";" "
"LARS WALLIN, AB";"5568005192";" 0768066186";"Telia Jobbmobil Multi 30 GB";"Nej";" "
"MIRY KONSULT I SUNDSVALL, AB";"5592134232";" 0706282360";"Telia Jobbmobil Multi 30 GB";"Ja";"20210823"
"MARGAY, AB";"5568392525";" 0708558876";"Jobbmobil Multi 5 GB TFA";"Nej";" "
"MATS OLSSON MATERIAL, AB";"5567065676";" 0708310450";"Jobbmobil 40 GB Osub MFA";"Ja";"20221126"
"NORDISK FRAMTID, AB";"5564066479";" 0706933003";"Jobbmobil 3 GB";"Ja";"20221107"
"NORDISK FRAMTID, AB";"5564066479";" 0706933003";"Jobbmobil 3 GB";"Ja";"20221107"
"ONE OF A KIND RELATIONS, AB";"5591655385";" 0706106740";"Jobbmobil Multi 120 GB MFA";"Ja";"20201211"
"REDMANWALKING, AB";"5567524920";" 0739559968";"Jobbmobil Multi 50 GB TFA";"Nej";" "
"SKARABORGS SKROT, AB";"5565515961";" 0703709933";"Jobbmobil Multi 2 GB MFA Osub";"Ja";"20220629"
"THOMAS CARLSSON BYGGNADSTEKNISKA, AB";"5564597408";" 0705875656";"Jobbmobil Multi 10 GB MFAOsub";"Nej";" "
"THOMAS CARLSSON BYGGNADSTEKNISKA, AB";"5564597408";" 0705875656";"Jobbmobil Multi 10 GB MFAOsub";"Nej";" "
"BRABAR, AB";"5566098504";" 0706892772";"Jobbmobil Multi 30 GB MFA";"Ja";"20210420"
"ÖREBRO FÖNSTERMONTAGE, AB";"5568361926";" 0736006320";"Jobbmobil Multi 10 GB MFA";"Ja";"20210429"
"ÖREBRO FÖNSTERMONTAGE, AB";"5568361926";" 0736006320";"Jobbmobil Multi 10 GB MFA";"Ja";"20210429"
"ANSGARI CREATIONS, AB";"5565655494";" 0705460546";"Jobbmobil Bas 0.5 GB";"Nej";" "
"BJÖRNBOM BYGG, AB";"5569626731";" 0704240451";"Jobbmobil Obegränsad Osub";"Ja";"20220104"
"FISKEREDERI FYLGIA, AB";"5568686389";" 0703474398";"Jobbmobil Multi 30 GB MFA";"Ja";"20211102"
"FISKEREDERI FYLGIA, AB";"5568686389";" 0703474398";"Jobbmobil Multi 30 GB MFA";"Ja";"20211102"
